driverId,constructorId,grid,positionOrder,laps,circuitId,numStops
1,1,2,0,58,1,2
2,4,18,0,57,1,2
3,131,7,0,22,1,1
4,6,5,0,58,1,3
5,205,19,0,19,1,1
10,166,21,0,49,1,1
13,6,8,0,58,1,3
15,205,20,0,56,1,2
16,10,16,0,57,1,2
17,9,3,0,58,1,3
18,1,4,0,58,1,3
20,9,1,1,58,1,2
22,3,17,0,48,1,4
30,131,11,0,19,1,2
67,5,10,0,57,1,2
153,5,12,0,57,1,3
155,15,9,0,58,1,2
808,4,6,0,58,1,2
814,10,14,0,57,1,2
815,15,13,0,58,1,1
816,166,22,0,54,1,2
1,1,2,0,56,2,4
2,4,6,0,56,2,3
3,131,9,0,55,2,3
4,6,5,0,56,2,4
5,205,19,0,55,2,2
10,166,21,0,54,2,2
13,6,7,0,56,2,3
15,205,20,0,31,2,1
16,10,17,0,55,2,3
17,9,3,0,56,2,4
18,1,4,0,56,2,3
20,9,1,1,56,2,3
22,3,15,0,22,2,2
24,164,23,0,46,2,3
30,131,11,0,56,2,3
67,5,12,0,55,2,3
153,5,13,0,55,2,2
155,15,10,0,56,2,2
808,4,8,0,52,2,3
814,10,14,0,56,2,3
815,15,16,0,23,2,1
816,166,22,0,42,2,2
1,1,3,1,56,17,3
2,4,16,0,56,17,2
3,131,4,0,56,17,3
4,6,5,0,56,17,2
5,205,19,0,55,17,2
10,166,22,0,54,17,3
13,6,6,0,56,17,2
15,205,20,0,55,17,2
16,10,11,0,55,17,3
17,9,18,0,56,17,3
18,1,2,0,56,17,3
20,9,1,0,56,17,2
22,3,15,0,56,17,2
24,164,23,0,54,17,3
30,131,14,0,56,17,3
39,164,24,0,54,17,1
67,5,9,0,56,17,3
153,5,7,0,9,17,1
155,15,13,0,56,17,2
808,4,10,0,56,17,2
813,3,17,0,55,17,3
814,10,8,0,56,17,2
815,15,12,0,55,17,4
816,166,21,0,54,17,2
1,1,4,0,58,5,4
2,4,9,0,58,5,4
3,131,3,0,58,5,4
4,6,5,0,58,5,4
5,205,18,0,56,5,3
13,6,10,0,58,5,4
15,205,19,0,57,5,3
16,10,12,0,57,5,3
17,9,2,0,58,5,4
18,1,6,0,58,5,3
20,9,1,1,58,5,4
22,3,11,0,57,5,3
24,164,20,0,53,5,4
30,131,8,0,58,5,4
39,164,22,0,55,5,3
67,5,16,0,58,5,3
153,5,17,0,57,5,4
155,15,24,0,58,5,3
808,4,7,0,58,5,4
813,3,14,0,57,5,4
814,10,13,0,44,5,4
815,15,15,0,57,5,4
816,166,23,0,56,5,2
1,1,3,0,66,4,4
2,4,24,0,65,4,3
3,131,7,0,65,4,3
4,6,4,0,65,4,4
5,205,15,0,48,4,3
10,166,20,0,63,4,3
13,6,8,0,58,4,3
15,205,18,0,64,4,3
16,10,17,0,65,4,3
17,9,1,0,66,4,4
18,1,5,0,66,4,3
20,9,2,1,66,4,4
22,3,19,0,64,4,4
24,164,21,0,28,4,1
30,131,10,0,65,4,3
39,164,22,0,61,4,3
67,5,11,0,65,4,3
153,5,13,0,64,4,4
155,15,14,0,65,4,3
808,4,6,0,65,4,3
813,3,9,0,65,4,4
814,10,16,0,65,4,3
815,15,12,0,65,4,3
816,166,23,0,62,4,3
1,1,9,0,78,6,3
2,4,15,0,77,6,2
3,131,7,0,76,6,3
4,6,4,0,78,6,2
5,205,17,0,76,6,2
10,166,20,0,30,6,1
13,6,6,0,32,6,1
15,205,18,0,76,6,2
16,10,14,0,77,6,2
17,9,3,0,78,6,2
18,1,2,0,78,6,3
20,9,1,1,78,6,1
22,3,11,0,77,6,2
24,164,23,0,75,6,1
30,131,5,0,32,6,1
39,164,22,0,74,6,2
67,5,16,0,77,6,2
153,5,19,0,66,6,2
155,15,12,0,78,6,1
808,4,10,0,67,6,1
813,3,8,0,73,6,2
814,10,13,0,76,6,3
816,166,21,0,75,6,2
2,4,9,0,55,7,2
3,131,6,0,70,7,4
4,6,2,0,36,7,3
5,205,19,0,28,7,1
10,166,21,0,69,7,2
13,6,3,0,70,7,4
15,205,18,0,69,7,3
16,10,14,0,49,7,4
17,9,4,0,70,7,3
18,1,7,1,70,7,6
20,9,1,0,70,7,3
22,3,16,0,70,7,4
24,164,20,0,69,7,3
30,131,8,0,70,7,4
37,15,17,0,70,7,2
39,164,22,0,69,7,2
67,5,15,0,70,7,4
153,5,24,0,70,7,3
155,15,13,0,70,7,2
808,4,10,0,70,7,2
813,3,12,0,61,7,5
814,10,11,0,67,7,4
816,166,23,0,69,7,5
1,1,3,0,57,12,3
2,4,9,0,56,12,3
3,131,7,0,57,12,3
4,6,4,0,57,12,3
5,205,19,0,55,12,3
10,166,21,0,55,12,2
13,6,5,0,57,12,3
15,205,20,0,55,12,2
16,10,10,0,56,12,3
17,9,2,0,57,12,3
18,1,6,0,57,12,3
20,9,1,1,57,12,3
22,3,13,0,56,12,3
24,164,22,0,54,12,3
30,131,8,0,56,12,3
39,164,24,0,54,12,3
67,5,17,0,56,12,3
153,5,18,0,56,12,2
155,15,14,0,56,12,2
808,4,11,0,56,12,3
813,3,15,0,56,12,3
814,10,12,0,56,12,3
815,15,16,0,56,12,1
816,166,23,0,55,12,2
1,1,10,0,52,9,3
2,4,16,0,52,9,2
3,131,9,0,52,9,2
4,6,3,1,52,9,3
10,166,20,0,50,9,2
13,6,4,0,52,9,3
16,10,11,0,52,9,3
17,9,1,0,52,9,3
18,1,5,0,39,9,3
20,9,2,0,52,9,3
22,3,15,0,51,9,2
24,164,23,0,50,9,2
30,131,13,0,52,9,3
67,5,19,0,25,9,2
153,5,18,0,52,9,2
155,15,8,0,23,9,2
808,4,14,0,52,9,2
813,3,7,0,51,9,3
814,10,6,0,51,9,3
815,15,12,0,52,9,2
816,166,22,0,50,9,2
817,164,24,0,49,9,2
1,1,2,1,60,20,3
3,131,6,0,59,20,3
4,6,4,0,60,20,3
5,205,18,0,58,20,2
10,166,19,0,57,20,2
13,6,5,0,60,20,3
16,10,8,0,60,20,2
17,9,1,0,60,20,3
18,1,7,0,35,20,1
20,9,3,0,60,20,3
24,164,23,0,37,20,1
30,131,10,0,59,20,3
67,5,24,0,59,20,2
153,5,16,0,59,20,2
155,15,17,0,59,20,2
808,4,9,0,59,20,2
812,205,20,0,56,20,3
813,3,13,0,59,20,2
814,10,12,0,59,20,2
815,15,15,0,59,20,2
816,166,21,0,57,20,2
817,164,22,0,57,20,2
1,1,2,0,70,11,6
2,4,14,0,23,11,2
3,131,7,0,69,11,4
4,6,5,0,70,11,4
5,205,18,0,55,11,5
10,166,20,0,66,11,3
13,6,4,0,70,11,4
15,205,19,0,17,11,1
16,10,8,0,68,11,4
17,9,6,0,70,11,5
18,1,3,1,70,11,3
20,9,1,0,70,11,3
22,3,15,0,68,11,5
24,164,21,0,65,11,5
30,131,9,0,26,11,2
67,5,23,0,69,11,3
153,5,16,0,69,11,3
155,15,13,0,69,11,3
808,4,12,0,69,11,4
813,3,17,0,68,11,5
814,10,11,0,69,11,3
815,15,10,0,68,11,4
816,166,24,0,65,11,4
817,164,22,0,66,11,3
1,1,2,0,12,13,1
3,131,5,0,44,13,2
4,6,8,0,44,13,2
5,205,16,0,43,13,3
10,166,19,0,43,13,4
13,6,4,0,44,13,3
15,205,18,0,43,13,2
16,10,15,0,44,13,2
17,9,3,0,44,13,2
18,1,13,0,44,13,3
20,9,1,1,44,13,3
22,3,14,0,43,13,3
24,164,22,0,43,13,2
30,131,24,0,44,13,3
155,15,12,0,44,13,2
808,4,10,0,44,13,2
811,4,7,0,44,13,3
813,3,21,0,44,13,2
814,10,17,0,44,13,2
815,15,9,0,27,13,3
816,166,20,0,43,13,2
817,164,23,0,13,13,1
1,1,2,0,53,14,2
4,6,4,0,53,14,2
5,205,20,0,51,14,2
10,166,21,0,51,14,2
13,6,6,0,53,14,2
15,205,19,0,51,14,2
18,1,3,0,53,14,2
20,9,1,1,53,14,2
22,3,13,0,52,14,2
30,131,8,0,53,14,2
67,5,16,0,52,14,2
153,5,18,0,52,14,2
155,15,17,0,21,14,2
811,4,10,0,52,14,3
813,3,14,0,52,14,2
814,10,11,0,52,14,2
817,164,23,0,39,14,2
1,1,4,0,61,15,5
3,131,7,0,60,15,3
4,6,5,0,61,15,3
5,205,19,0,59,15,3
13,6,6,0,60,15,4
15,205,20,0,47,15,3
16,10,9,0,60,15,2
17,9,2,0,61,15,3
18,1,3,0,61,15,3
20,9,1,1,61,15,3
22,3,12,0,60,15,2
24,164,24,0,57,15,4
30,131,8,0,28,15,2
67,5,14,0,60,15,3
153,5,16,0,56,15,3
155,15,17,0,59,15,4
808,4,18,0,59,15,3
811,4,15,0,59,15,4
813,3,13,0,60,15,3
814,10,10,0,61,15,2
815,15,11,0,60,15,2
816,166,22,0,59,15,2
817,164,23,0,57,15,3
1,1,3,0,53,22,3
3,131,23,0,53,22,3
4,6,5,0,53,22,3
5,205,18,0,53,22,3
10,166,21,0,51,22,3
13,6,4,0,53,22,3
15,205,19,0,53,22,3
16,10,11,0,53,22,3
17,9,6,0,53,22,3
18,1,2,1,53,22,3
20,9,1,0,53,22,3
22,3,13,0,53,22,3
24,164,24,0,50,22,3
30,131,8,0,53,22,3
67,5,15,0,11,22,1
153,5,16,0,53,22,2
155,15,7,0,53,22,2
808,4,10,0,53,22,2
811,4,9,0,53,22,2
813,3,14,0,53,22,3
814,10,12,0,53,22,3
815,15,17,0,53,22,2
816,166,20,0,51,22,3
817,164,22,0,51,22,3
1,1,1,0,55,35,2
3,131,7,0,55,35,2
4,6,6,0,55,35,2
5,205,19,0,54,35,2
10,166,21,0,54,35,2
13,6,5,0,55,35,2
15,205,20,0,54,35,2
16,10,10,0,55,35,2
17,9,4,0,55,35,2
18,1,3,0,55,35,2
20,9,2,1,55,35,2
22,3,18,0,55,35,2
24,164,23,0,52,35,3
30,131,12,0,15,35,1
67,5,13,0,55,35,2
153,5,11,0,55,35,2
155,15,14,0,54,35,3
808,4,8,0,16,35,1
811,4,15,0,54,35,2
813,3,16,0,30,35,3
814,10,9,0,55,35,2
815,15,17,0,54,35,3
816,166,22,0,54,35,2
817,164,24,0,54,35,2
1,1,5,0,60,68,3
3,131,7,0,60,68,2
4,6,3,0,60,68,2
5,205,18,0,58,68,2
10,166,22,0,2,68,1
13,6,6,0,32,68,3
15,205,19,0,55,68,3
16,10,8,0,59,68,2
17,9,2,0,60,68,2
18,1,4,0,60,68,2
20,9,1,1,60,68,2
22,3,15,0,58,68,2
30,131,11,0,60,68,2
39,164,24,0,57,68,2
67,5,9,0,24,68,1
153,5,10,0,59,68,2
808,4,16,0,59,68,2
811,4,14,0,59,68,2
814,10,12,0,59,68,3
815,15,20,0,59,68,2
816,166,21,0,57,68,2
817,164,23,0,57,68,3
1,1,2,1,55,24,2
3,131,7,0,55,24,2
4,6,5,0,55,24,2
5,205,17,0,54,24,2
10,166,19,0,53,24,2
13,6,6,0,55,24,2
15,205,18,0,53,24,2
16,10,9,0,55,24,2
17,9,4,0,55,24,3
18,1,3,0,55,24,2
22,3,24,0,54,24,2
24,164,22,0,53,24,1
30,131,8,0,55,24,2
153,5,15,0,54,24,2
155,15,16,0,54,24,2
808,4,12,0,54,24,2
811,4,14,0,54,24,3
813,3,23,0,54,24,2
814,10,10,0,55,24,1
815,15,11,0,54,24,2
817,164,20,0,48,24,2
1,1,4,0,46,18,3
3,131,6,0,70,18,2
4,6,5,0,71,18,3
5,205,19,0,69,18,3
10,166,24,0,21,18,1
13,6,7,0,71,18,2
15,205,20,0,69,18,2
16,10,8,0,70,18,3
17,9,2,1,71,18,3
18,1,3,0,71,18,3
20,9,1,0,71,18,3
22,3,12,0,70,18,3
24,164,21,0,61,18,2
30,131,10,0,70,18,3
67,5,14,0,70,18,2
153,5,13,0,70,18,2
155,15,16,0,70,18,2
808,4,15,0,70,18,3
811,4,9,0,69,18,4
813,3,18,0,26,18,1
814,10,11,0,70,18,2
815,15,17,0,70,18,2
816,166,23,0,68,18,2
817,164,22,0,68,18,2
1,1,1,0,58,1,2
3,131,7,0,58,1,2
4,6,12,0,58,1,2
5,207,18,0,38,1,3
8,208,17,0,58,1,2
10,206,20,0,57,1,2
13,6,16,0,46,1,3
17,9,5,0,58,1,2
18,1,2,1,58,1,2
20,9,6,0,58,1,2
155,15,13,0,58,1,2
808,207,19,0,34,1,1
811,3,14,0,52,1,3
813,3,8,0,57,1,2
814,10,15,0,58,1,2
815,15,22,0,58,1,1
817,5,10,0,58,1,3
818,5,11,0,58,1,2
819,206,21,0,53,1,3
1,1,1,0,56,2,3
3,131,7,0,56,2,4
4,6,8,1,56,2,3
5,207,24,0,55,2,4
8,208,10,0,56,2,3
10,206,20,0,55,2,3
13,6,12,0,56,2,4
17,9,4,0,56,2,3
18,1,2,0,56,2,5
20,9,5,0,56,2,4
30,131,3,0,56,2,3
37,164,22,0,54,2,3
39,164,23,0,54,2,2
155,15,17,0,46,2,3
807,10,16,0,56,2,3
808,207,19,0,55,2,3
811,3,13,0,56,2,4
813,3,11,0,54,2,4
814,10,14,0,56,2,3
815,15,9,0,56,2,3
817,5,15,0,56,2,4
818,5,18,0,56,2,2
819,206,21,0,54,2,3
1,1,7,0,56,17,3
3,131,1,1,56,17,2
4,6,9,0,56,17,3
5,207,18,0,53,17,3
8,208,4,0,56,17,2
10,206,20,0,55,17,2
13,6,12,0,56,17,2
17,9,6,0,56,17,3
18,1,5,0,56,17,3
20,9,11,0,56,17,2
30,131,2,0,12,17,1
37,164,22,0,55,17,2
39,164,23,0,54,17,2
154,208,10,0,56,17,2
155,15,3,0,56,17,3
807,10,16,0,56,17,2
808,207,19,0,55,17,2
811,3,14,0,56,17,2
813,3,13,0,56,17,2
814,10,15,0,56,17,2
815,15,8,0,56,17,2
817,5,17,0,56,17,2
818,5,24,0,56,17,3
819,206,21,0,55,17,3
1,1,2,0,57,3,3
3,131,5,0,57,3,3
4,6,9,0,57,3,3
5,207,16,0,56,3,4
8,208,11,0,57,3,3
10,206,23,0,55,3,3
13,6,14,0,57,3,3
17,9,3,0,57,3,3
18,1,4,0,55,3,4
20,9,1,1,57,3,3
30,131,22,0,57,3,3
37,164,20,0,55,3,3
39,164,24,0,55,3,4
154,208,7,0,57,3,3
155,15,12,0,57,3,3
807,10,13,0,57,3,3
808,207,18,0,56,3,3
811,3,15,0,54,3,3
813,3,21,0,25,3,2
814,10,10,0,57,3,2
815,15,8,0,57,3,3
817,5,6,0,56,3,3
818,5,17,0,57,3,3
819,206,19,0,24,3,1
1,1,24,0,66,4,2
3,131,6,0,66,4,3
4,6,2,0,66,4,3
5,207,19,0,65,4,3
8,208,4,0,66,4,3
10,206,21,0,64,4,3
13,6,16,0,65,4,4
17,9,11,0,65,4,3
18,1,10,0,66,4,3
20,9,7,0,66,4,4
30,131,8,0,12,4,1
37,164,22,0,63,4,4
39,164,23,0,22,4,2
154,208,3,0,66,4,3
155,15,9,0,66,4,3
807,10,13,0,65,4,3
808,207,18,0,65,4,3
813,3,1,1,66,4,3
814,10,12,0,65,4,3
815,15,5,0,37,4,3
817,5,15,0,65,4,3
818,5,14,0,65,4,3
819,206,20,0,35,4,2
1,1,3,0,78,6,1
3,131,2,0,78,6,1
4,6,5,0,78,6,1
5,207,17,0,77,6,2
8,208,8,0,78,6,1
10,206,19,0,77,6,2
13,6,7,0,78,6,1
17,9,1,1,78,6,1
18,1,12,0,70,6,1
20,9,9,0,78,6,1
30,131,6,0,63,6,1
39,164,22,0,76,6,2
155,15,11,0,5,6,1
807,10,10,0,78,6,1
808,207,18,0,15,6,1
811,3,13,0,78,6,1
814,10,14,0,78,6,1
815,15,23,0,77,6,2
817,5,15,0,65,6,1
818,5,16,0,77,6,2
819,206,21,0,64,6,1
1,1,2,1,70,7,2
3,131,5,0,70,7,2
4,6,3,0,70,7,1
5,207,17,0,69,7,2
8,208,12,0,70,7,1
10,206,21,0,56,7,1
13,6,6,0,70,7,2
17,9,4,0,70,7,2
18,1,10,0,69,7,3
20,9,1,0,70,7,2
30,131,9,0,43,7,2
154,208,7,0,70,7,1
155,15,11,0,70,7,1
807,10,13,0,70,7,2
808,207,18,0,69,7,2
811,3,16,0,69,7,1
813,3,22,0,70,7,1
814,10,8,0,70,7,2
815,15,15,0,70,7,1
817,5,14,0,70,7,2
818,5,19,0,69,7,3
819,206,23,0,69,7,1
1,1,2,0,55,12,2
3,131,6,0,57,12,2
4,6,11,1,57,12,2
5,207,16,0,57,12,2
8,208,5,0,57,12,2
13,6,13,0,56,12,4
17,9,19,0,57,12,2
18,1,9,0,57,12,2
20,9,1,0,33,12,2
30,131,12,0,57,12,2
37,164,21,0,56,12,2
39,164,22,0,56,12,3
154,208,4,0,40,12,2
155,15,7,0,33,12,2
807,10,8,0,57,12,2
808,207,20,0,57,12,4
811,3,14,0,57,12,2
813,3,3,0,57,12,2
814,10,10,0,57,12,1
815,15,15,0,57,12,2
817,5,17,0,57,12,2
818,5,18,0,26,12,1
819,206,23,0,57,12,2
1,1,8,0,52,9,2
3,131,11,0,52,9,2
4,6,1,0,52,9,2
5,207,19,0,51,9,2
8,208,6,0,52,9,2
10,206,20,0,51,9,2
13,6,5,0,52,9,2
17,9,2,1,52,9,2
18,1,16,0,52,9,2
20,9,4,0,52,9,2
30,131,3,0,52,9,2
37,164,21,0,50,9,1
39,164,22,0,50,9,2
154,208,9,0,52,9,2
155,15,17,0,52,9,2
807,10,14,0,52,9,2
811,3,13,0,52,9,2
813,3,7,0,51,9,2
814,10,10,0,2,9,1
815,15,15,0,11,9,1
817,5,12,0,52,9,2
818,5,23,0,52,9,2
819,206,24,0,51,9,2
1,1,7,0,56,10,3
3,131,21,0,67,10,3
4,6,1,1,67,10,2
5,207,16,0,65,10,4
8,208,10,0,67,10,2
10,206,22,0,64,10,2
13,6,13,0,67,10,3
17,9,8,0,67,10,2
18,1,6,0,67,10,2
20,9,2,0,67,10,2
30,131,3,0,67,10,3
37,164,23,0,64,10,2
39,164,24,0,64,10,2
154,208,19,0,66,10,3
155,15,12,0,67,10,2
807,10,4,0,67,10,3
808,207,18,0,66,10,3
811,3,14,0,66,10,3
813,3,5,0,66,10,3
814,10,9,0,67,10,2
815,15,17,0,67,10,2
817,5,11,0,67,10,2
818,5,15,0,67,10,3
819,206,20,0,65,10,2
1,1,1,1,69,11,2
3,131,13,0,69,11,2
4,6,6,0,69,11,2
5,207,19,0,68,11,3
8,208,5,0,69,11,2
10,206,22,0,66,11,2
13,6,7,0,69,11,2
17,9,11,0,69,11,3
18,1,4,0,69,11,3
20,9,3,0,69,11,3
30,131,17,0,58,11,3
37,164,23,0,66,11,2
39,164,24,0,60,11,2
154,208,2,0,69,11,2
155,15,15,0,67,11,2
807,10,10,0,69,11,2
808,207,20,0,67,11,3
811,3,9,0,69,11,2
813,3,8,0,69,11,3
814,10,12,0,69,11,2
815,15,14,0,69,11,2
817,5,18,0,68,11,3
818,5,16,0,68,11,4
819,206,21,0,67,11,2
3,131,23,0,44,13,2
5,207,18,0,43,13,2
8,208,3,0,44,13,2
10,206,20,0,43,13,2
13,6,14,0,44,13,2
17,9,12,0,44,13,2
18,1,1,1,44,13,1
20,9,10,0,44,13,1
30,131,13,0,44,13,2
37,164,21,0,43,13,3
39,164,24,0,29,13,2
155,15,2,0,44,13,3
807,10,11,0,44,13,2
808,207,19,0,43,13,2
811,3,17,0,44,13,2
813,3,6,0,4,13,1
814,10,9,0,44,13,2
817,5,16,0,44,13,2
818,5,15,0,44,13,2
819,206,22,0,43,13,1
1,1,1,1,53,14,1
3,131,6,0,53,14,2
4,6,10,0,53,14,1
5,207,17,0,52,14,2
8,208,7,0,53,14,1
10,206,19,0,52,14,2
13,6,3,0,53,14,1
17,9,11,0,51,14,1
18,1,2,0,32,14,1
20,9,5,0,47,14,2
30,131,4,0,53,14,2
37,164,23,0,52,14,1
39,164,21,0,52,14,1
155,15,8,0,53,14,1
807,10,24,0,50,14,1
808,207,18,0,52,14,2
811,3,13,0,53,14,1
813,3,22,0,53,14,2
814,10,9,0,53,14,1
815,15,12,0,53,14,1
816,208,15,0,53,14,1
817,5,14,0,53,14,1
819,206,20,0,52,14,2
1,1,1,0,22,15,1
3,131,10,0,59,15,2
4,6,5,0,59,15,2
5,207,19,0,59,15,3
8,208,12,0,59,15,2
10,206,20,0,59,15,2
13,6,13,0,59,15,3
17,9,7,0,59,15,3
18,1,4,0,59,15,2
20,9,3,1,59,15,2
30,131,9,0,38,15,2
37,164,24,0,58,15,3
39,164,23,0,30,15,1
154,208,8,0,59,15,2
155,15,17,0,59,15,3
807,10,11,0,59,15,3
808,207,18,0,57,15,4
811,3,22,0,57,15,3
813,3,2,0,36,15,3
814,10,6,0,59,15,2
815,15,14,0,59,15,2
817,5,15,0,59,15,2
818,5,16,0,38,15,2
819,206,21,0,59,15,2
1,1,9,0,53,22,2
5,207,17,0,52,22,2
8,208,7,0,53,22,2
10,206,18,0,52,22,2
13,6,10,0,53,22,2
17,9,2,0,53,22,2
18,1,8,0,53,22,2
20,9,1,1,53,22,2
30,131,23,0,53,22,2
37,164,20,0,52,22,2
39,164,24,0,32,22,1
154,208,4,0,51,22,3
155,15,3,0,53,22,2
807,10,15,0,53,22,2
808,207,22,0,52,22,3
811,3,16,0,53,22,4
813,3,12,0,53,22,2
814,10,11,0,53,22,2
815,15,5,0,18,22,1
817,5,14,0,53,22,2
818,5,19,0,53,22,2
819,206,21,0,37,22,2
1,1,3,0,55,35,3
4,6,4,0,55,35,2
5,207,19,0,54,35,2
8,208,5,0,55,35,2
10,206,20,0,54,35,2
13,6,6,0,55,35,2
17,9,1,0,55,35,2
20,9,2,1,55,35,2
30,131,10,0,55,35,2
39,164,23,0,53,35,1
154,208,7,0,55,35,2
155,15,13,0,16,35,2
807,10,8,0,55,35,2
808,207,18,0,54,35,2
811,3,17,0,55,35,2
813,3,15,0,55,35,1
814,10,14,0,55,35,2
815,15,12,0,55,35,2
817,5,21,0,55,35,2
818,5,16,0,55,35,2
819,206,24,0,53,35,2
1,1,3,0,60,68,1
3,131,10,0,60,68,1
4,6,5,0,60,68,1
5,207,20,0,59,68,1
8,208,7,0,60,68,1
10,206,21,0,58,68,1
13,6,6,0,60,68,1
17,9,2,0,60,68,1
18,1,4,0,60,68,1
20,9,1,1,60,68,1
30,131,14,0,55,68,2
37,164,22,0,43,68,1
39,164,23,0,58,68,1
154,208,11,0,60,68,1
155,15,17,0,60,68,1
807,10,12,0,60,68,1
808,207,19,0,59,68,1
811,3,13,0,60,68,1
813,3,9,0,59,68,2
814,10,16,0,60,68,1
815,15,8,0,21,68,2
817,5,15,0,60,68,1
818,5,18,0,59,68,2
819,206,24,0,59,68,1
3,131,7,0,7,24,1
4,6,6,0,55,24,1
5,207,18,0,55,24,1
8,208,4,1,55,24,1
10,206,21,0,55,24,1
13,6,8,0,55,24,1
17,9,2,0,37,24,1
18,1,5,0,55,24,1
20,9,24,0,55,24,2
30,131,13,0,55,24,2
37,164,22,0,55,24,1
154,208,9,0,37,24,2
155,15,15,0,55,24,1
808,207,20,0,55,24,1
811,3,14,0,55,24,1
813,3,3,0,55,24,1
814,10,12,0,55,24,3
815,15,11,0,55,24,3
817,5,16,0,55,24,2
818,5,17,0,55,24,2
819,206,19,0,41,24,1
1,1,2,1,56,69,1
3,131,17,0,56,69,1
4,6,7,0,56,69,1
5,207,22,0,55,69,1
8,208,4,0,56,69,1
10,206,19,0,55,69,1
13,6,11,0,56,69,1
18,1,12,0,56,69,1
20,9,1,0,56,69,1
30,131,5,0,55,69,2
37,164,23,0,54,69,1
39,164,24,0,54,69,1
154,208,8,0,56,69,1
155,15,16,0,55,69,1
807,10,6,0,56,69,1
808,207,21,0,55,69,1
811,3,10,0,56,69,1
813,3,9,0,56,69,1
814,10,13,0,55,69,2
815,15,15,0,56,69,1
817,5,18,0,56,69,1
819,206,20,0,54,69,1
1,1,1,0,54,18,2
3,131,9,0,70,18,4
4,6,7,0,71,18,3
5,207,20,0,70,18,5
8,208,8,0,70,18,3
10,206,21,0,70,18,4
13,6,5,0,71,18,3
17,9,3,0,71,18,3
18,1,2,1,71,18,2
20,9,4,0,71,18,4
30,131,13,0,71,18,4
37,164,24,0,69,18,4
39,164,23,0,69,18,4
155,15,14,0,71,18,3
807,10,6,0,71,18,3
808,207,19,0,70,18,3
814,10,10,0,68,18,3
817,5,15,0,70,18,5
818,5,17,0,71,18,4
819,206,22,0,70,18,3
1,131,3,0,58,1,3
3,131,6,0,26,1,1
4,6,5,0,58,1,3
8,208,7,1,58,1,2
13,6,4,0,58,1,3
16,10,12,0,58,1,2
17,9,2,0,58,1,3
18,1,10,0,58,1,3
20,9,1,0,58,1,3
154,208,8,0,58,1,3
813,3,17,0,24,1,1
814,10,9,0,58,1,2
815,1,15,0,58,1,3
817,5,14,0,39,1,2
818,5,13,0,58,1,3
819,207,22,0,56,1,2
820,206,20,0,56,1,3
821,15,18,0,57,1,2
822,3,16,0,57,1,3
823,207,21,0,56,1,3
824,206,19,0,57,1,3
1,131,4,0,56,2,4
3,131,6,0,56,2,4
8,208,10,0,56,2,3
13,6,2,0,56,2,4
16,10,8,0,27,2,2
17,9,5,0,56,2,4
18,1,7,0,53,2,3
20,9,1,1,56,2,4
154,208,11,0,56,2,3
807,15,12,0,56,2,4
813,3,16,0,45,2,3
814,10,15,0,22,2,2
815,1,9,0,56,2,4
817,5,13,0,51,2,3
818,5,17,0,56,2,3
819,207,20,0,55,2,4
820,206,21,0,54,2,4
821,15,14,0,55,2,4
822,3,18,0,56,2,3
823,207,22,0,55,2,4
824,206,19,0,55,2,4
1,131,1,0,56,17,3
3,131,4,0,21,17,3
4,6,3,1,56,17,3
8,208,2,0,56,17,3
13,6,5,0,56,17,3
17,9,22,0,15,17,2
18,1,8,0,56,17,2
20,9,9,0,56,17,3
154,208,6,0,56,17,3
807,15,10,0,56,17,3
813,3,14,0,56,17,3
814,10,11,0,56,17,3
815,1,12,0,56,17,2
817,5,7,0,56,17,3
818,5,15,0,56,17,3
819,207,20,0,55,17,3
820,206,19,0,55,17,3
822,3,16,0,56,17,3
823,207,21,0,55,17,3
824,206,18,0,55,17,3
1,131,9,0,57,3,3
3,131,1,0,57,3,4
4,6,3,0,57,3,4
8,208,8,0,57,3,2
13,6,4,0,57,3,4
16,10,6,0,57,3,3
17,9,7,0,57,3,3
18,1,10,0,57,3,4
20,9,2,1,57,3,3
154,208,11,0,57,3,3
807,15,14,0,57,3,3
813,3,17,0,57,3,3
814,10,5,0,57,3,2
815,1,12,0,57,3,3
817,5,13,0,56,3,3
818,5,16,0,16,3,1
819,207,18,0,56,3,3
820,206,21,0,56,3,4
821,15,22,0,56,3,4
822,3,15,0,57,3,3
823,207,20,0,55,3,5
824,206,19,0,56,3,4
1,131,2,0,65,4,4
3,131,1,0,66,4,3
4,6,5,1,66,4,4
8,208,4,0,66,4,3
13,6,9,0,66,4,4
16,10,13,0,65,4,4
17,9,7,0,66,4,4
18,1,14,0,66,4,3
20,9,3,0,66,4,4
807,15,15,0,65,4,6
813,3,17,0,65,4,5
814,10,10,0,66,4,4
815,1,8,0,66,4,4
817,5,11,0,65,4,4
818,5,12,0,52,4,4
819,207,22,0,65,4,3
820,206,21,0,64,4,3
821,15,19,0,65,4,4
822,3,16,0,65,4,3
823,207,18,0,21,4,2
824,206,20,0,64,4,4
1,131,2,0,78,6,1
3,131,1,1,78,6,1
4,6,6,0,78,6,1
8,208,5,0,78,6,2
13,6,21,0,28,6,1
16,10,8,0,78,6,1
17,9,4,0,78,6,1
18,1,9,0,78,6,1
20,9,3,0,78,6,1
154,208,13,0,63,6,2
807,15,11,0,78,6,1
813,3,16,0,44,6,2
814,10,17,0,78,6,1
815,1,7,0,72,6,1
817,5,12,0,61,6,1
818,5,10,0,78,6,1
820,206,22,0,78,6,3
821,15,19,0,78,6,2
822,3,14,0,78,6,1
823,207,15,0,78,6,3
824,206,20,0,58,6,2
1,131,2,0,70,7,2
3,131,4,0,70,7,3
4,6,6,0,70,7,2
8,208,10,0,69,7,1
13,6,16,0,69,7,2
16,10,8,0,69,7,3
17,9,5,0,70,7,2
18,1,14,0,69,7,1
20,9,1,1,70,7,2
154,208,22,0,69,7,2
807,15,9,0,45,7,2
813,3,13,0,68,7,3
814,10,17,0,69,7,1
815,1,12,0,69,7,2
817,5,11,0,68,7,2
818,5,7,0,69,7,2
819,207,18,0,67,7,2
820,206,20,0,67,7,1
821,15,15,0,63,7,2
822,3,3,0,69,7,2
823,207,21,0,43,7,4
824,206,19,0,68,7,1
1,131,1,0,52,9,2
3,131,2,1,52,9,3
4,6,9,0,52,9,3
8,208,8,0,52,9,2
13,6,11,0,52,9,4
16,10,6,0,52,9,2
17,9,4,0,52,9,3
18,1,10,0,52,9,2
20,9,3,0,41,9,2
154,208,7,0,51,9,3
807,15,14,0,52,9,3
813,3,15,0,52,9,2
814,10,21,0,52,9,3
815,1,13,0,46,9,2
817,5,5,0,52,9,2
818,5,12,0,35,9,2
819,207,18,0,52,9,2
820,206,20,0,52,9,2
821,15,17,0,52,9,4
822,3,16,0,52,9,2
823,207,22,0,52,9,3
824,206,19,0,52,9,2
1,131,1,0,60,20,3
3,131,11,0,60,20,3
4,6,8,0,60,20,3
8,208,4,0,60,20,3
16,10,15,0,60,20,3
17,9,3,0,60,20,3
18,1,9,0,60,20,2
20,9,2,1,60,20,3
154,208,5,0,60,20,3
807,15,10,0,60,20,3
813,3,18,0,60,20,2
814,10,12,0,60,20,2
815,1,13,0,60,20,2
817,5,6,0,60,20,3
818,5,16,0,22,20,1
819,207,22,0,59,20,3
820,206,21,0,59,20,4
821,15,14,0,60,20,3
822,3,17,0,59,20,2
823,207,20,0,59,20,3
824,206,19,0,21,20,2
1,131,1,1,70,11,3
3,131,4,0,64,11,3
4,6,5,0,70,11,3
8,208,6,0,70,11,2
13,6,7,0,70,11,3
17,9,10,0,70,11,3
18,1,13,0,70,11,2
20,9,2,0,70,11,3
154,208,3,0,70,11,4
807,15,12,0,69,11,3
813,3,15,0,69,11,3
814,10,18,0,66,11,3
815,1,9,0,69,11,2
817,5,8,0,69,11,2
818,5,14,0,69,11,3
819,207,19,0,68,11,2
820,206,22,0,67,11,3
821,15,17,0,28,11,1
822,3,16,0,42,11,2
823,207,20,0,68,11,3
824,206,21,0,67,11,3
1,131,1,0,44,13,2
3,131,4,0,44,13,2
4,6,9,0,44,13,2
8,208,8,0,25,13,1
13,6,10,0,44,13,2
16,10,12,0,44,13,2
17,9,3,0,44,13,2
18,1,6,0,44,13,2
20,9,2,1,44,13,2
154,208,7,0,44,13,1
807,15,11,0,44,13,2
813,3,17,0,43,13,3
814,10,5,0,26,13,2
815,1,13,0,44,13,2
817,5,19,0,44,13,2
818,5,18,0,44,13,2
820,206,16,0,42,13,3
821,15,21,0,44,13,3
822,3,20,0,44,13,2
823,207,14,0,43,13,2
824,206,15,0,43,13,2
1,131,12,0,53,14,2
3,131,6,0,53,14,1
4,6,5,0,53,14,1
8,208,11,0,53,14,2
13,6,4,0,53,14,1
16,10,17,0,52,14,1
17,9,2,0,53,14,1
18,1,9,0,53,14,1
20,9,1,1,53,14,1
154,208,13,0,53,14,1
807,15,3,0,53,14,1
813,3,14,0,53,14,1
815,1,8,0,53,14,1
817,5,7,0,53,14,1
819,207,20,0,52,14,2
820,206,22,0,52,14,1
821,15,16,0,53,14,1
822,3,18,0,53,14,1
823,207,19,0,52,14,2
824,206,21,0,52,14,1
1,131,5,0,61,15,2
3,131,2,0,61,15,2
4,6,7,0,61,15,2
8,208,13,0,61,15,2
13,6,6,0,61,15,3
16,10,15,0,61,15,3
17,9,4,0,60,15,2
18,1,8,0,61,15,2
20,9,1,1,61,15,2
154,208,3,0,37,15,3
807,15,11,0,61,15,2
813,3,18,0,61,15,3
814,10,17,0,54,15,2
815,1,14,0,61,15,2
817,5,9,0,23,15,1
818,5,12,0,61,15,3
819,207,19,0,60,15,3
820,206,22,0,60,15,3
821,15,10,0,61,15,2
822,3,16,0,61,15,3
823,207,20,0,60,15,3
824,206,21,0,60,15,4
1,131,2,0,55,35,2
3,131,4,0,55,35,2
4,6,5,0,55,35,2
8,208,9,0,55,35,2
13,6,6,0,55,35,2
16,10,14,0,50,35,4
17,9,13,0,36,35,3
18,1,11,0,55,35,2
20,9,1,1,55,35,2
154,208,3,0,55,35,2
807,15,7,0,55,35,2
813,3,18,0,55,35,2
814,10,15,0,24,35,2
815,1,10,0,55,35,2
817,5,12,0,52,35,2
818,5,16,0,53,35,3
819,207,19,0,55,35,2
820,206,21,0,55,35,2
821,15,8,0,55,35,2
822,3,17,0,55,35,2
823,207,20,0,55,35,3
824,206,22,0,55,35,2
1,131,3,0,7,22,1
3,131,6,0,53,22,4
4,6,8,0,53,22,2
8,208,9,0,53,22,2
13,6,5,0,53,22,3
16,10,22,0,52,22,2
17,9,1,0,53,22,3
18,1,10,0,53,22,3
20,9,2,1,53,22,2
154,208,4,0,53,22,2
807,15,7,0,53,22,2
813,3,15,0,52,22,2
814,10,12,0,53,22,2
815,1,11,0,52,22,3
817,5,16,0,52,22,3
818,5,17,0,52,22,3
819,207,20,0,52,22,3
820,206,18,0,52,22,2
821,15,14,0,53,22,2
822,3,13,0,52,22,2
1,131,3,0,60,68,2
3,131,2,0,60,68,2
4,6,8,0,60,68,3
8,208,6,0,60,68,2
13,6,5,0,60,68,2
16,10,13,0,60,68,1
17,9,4,0,39,68,2
18,1,10,0,59,68,3
20,9,1,1,60,68,2
154,208,17,0,60,68,1
807,15,7,0,54,68,3
813,3,18,0,60,68,2
814,10,12,0,60,68,2
815,1,9,0,60,68,2
817,5,11,0,60,68,2
818,5,14,0,59,68,2
819,207,21,0,35,68,2
820,206,22,0,58,68,2
821,15,16,0,59,68,3
822,3,15,0,59,68,2
824,206,19,0,58,68,2
1,131,4,0,55,24,2
3,131,3,0,55,24,2
4,6,10,0,55,24,2
13,6,7,0,55,24,2
16,10,17,0,55,24,1
17,9,1,0,55,24,2
18,1,12,0,55,24,2
20,9,2,1,55,24,2
154,208,6,0,55,24,2
807,15,5,0,54,24,3
813,3,14,0,55,24,2
814,10,11,0,55,24,1
815,1,8,0,55,24,2
817,5,9,0,54,24,2
818,5,13,0,54,24,2
819,207,19,0,54,24,2
820,206,20,0,53,24,2
821,15,16,0,55,24,2
822,3,15,0,54,24,2
823,207,18,0,54,24,2
824,206,21,0,53,24,2
1,131,5,0,56,69,1
3,131,12,0,56,69,1
4,6,6,0,56,69,1
5,208,8,0,56,69,2
13,6,13,0,56,69,2
17,9,2,0,56,69,1
18,1,15,0,56,69,1
20,9,1,1,56,69,1
154,208,3,0,56,69,1
807,15,4,0,56,69,1
813,3,17,0,55,69,1
814,10,11,0,56,69,2
815,1,7,0,56,69,1
817,5,10,0,56,69,1
818,5,14,0,56,69,1
819,207,22,0,55,69,2
820,206,21,0,54,69,2
821,15,20,0,56,69,2
822,3,9,0,56,69,1
823,207,18,0,55,69,1
824,206,19,0,55,69,1
1,131,5,0,71,18,3
3,131,2,0,71,18,2
4,6,3,0,71,18,2
5,208,11,0,70,18,2
13,6,9,0,71,18,3
16,10,15,0,70,18,3
17,9,4,0,71,18,2
18,1,14,0,71,18,2
20,9,1,1,71,18,2
807,15,10,0,71,18,2
813,3,16,0,70,18,2
814,10,12,0,70,18,2
815,1,19,0,71,18,2
817,5,7,0,70,18,2
818,5,8,0,70,18,3
819,207,18,0,58,18,1
820,206,22,0,69,18,3
821,15,17,0,70,18,2
822,3,13,0,45,18,2
823,207,20,0,69,18,3
824,206,21,0,69,18,2
3,131,3,1,57,1,2
4,6,5,0,57,1,2
8,6,11,0,57,1,2
16,15,13,0,56,1,1
18,1,10,0,57,1,2
154,208,22,0,43,1,2
807,10,7,0,57,1,2
813,208,21,0,29,1,1
815,10,16,0,57,1,3
817,9,2,0,57,1,2
818,5,6,0,57,1,2
820,206,17,0,55,1,2
821,15,20,0,56,1,2
822,3,15,0,57,1,2
824,206,18,0,49,1,2
825,1,4,0,57,1,2
826,5,8,0,57,1,2
828,207,19,0,27,1,1
1,131,1,1,56,2,3
3,131,3,0,56,2,3
4,6,4,0,56,2,3
8,6,6,0,55,2,3
13,3,13,0,56,2,3
16,15,17,0,32,2,2
18,1,10,0,56,2,3
20,9,2,0,56,2,3
154,208,15,0,55,2,3
155,207,20,0,55,2,2
807,10,7,0,56,2,2
817,9,5,0,49,2,5
818,5,9,0,18,2,2
820,206,21,0,54,2,3
821,15,12,0,35,2,2
822,3,18,0,56,2,3
824,206,19,0,8,2,1
825,1,8,0,55,2,3
826,5,11,0,55,2,3
828,207,22,0,54,2,3
1,131,2,1,57,3,2
3,131,1,0,57,3,2
4,6,9,0,57,3,3
8,6,5,0,57,3,3
13,3,7,0,57,3,3
16,15,22,0,17,3,2
18,1,6,0,55,3,2
20,9,10,0,57,3,2
154,208,16,0,57,3,3
155,207,18,0,57,3,2
807,10,11,0,57,3,2
813,208,17,0,57,3,4
815,10,4,0,57,3,2
817,9,13,0,57,3,2
818,5,14,0,18,3,2
820,206,21,0,57,3,3
821,15,15,0,39,3,2
822,3,3,0,57,3,3
824,206,19,0,56,3,5
825,1,8,0,40,3,3
826,5,12,0,57,3,3
828,207,20,0,33,3,2
1,131,1,1,54,17,2
3,131,4,0,54,17,2
4,6,5,0,54,17,2
8,6,11,0,54,17,2
13,3,6,0,53,17,2
18,1,12,0,53,17,2
20,9,3,0,54,17,2
154,208,10,0,28,17,1
155,207,18,0,53,17,3
807,10,8,0,54,17,2
813,208,22,0,53,17,2
815,10,16,0,54,17,2
817,9,2,0,54,17,2
818,5,9,0,53,17,2
820,206,21,0,52,17,3
821,15,17,0,53,17,3
822,3,7,0,54,17,2
824,206,19,0,53,17,2
825,1,15,0,53,17,2
826,5,13,0,53,17,2
828,207,20,0,52,17,3
1,131,1,1,66,4,2
3,131,2,0,66,4,2
4,6,7,0,66,4,3
8,6,6,0,65,4,2
13,3,9,0,65,4,3
16,15,16,0,65,4,2
18,1,8,0,65,4,2
20,9,15,0,66,4,3
154,208,5,0,65,4,2
155,207,20,0,34,4,1
807,10,10,0,65,4,2
813,208,22,0,65,4,2
815,10,11,0,65,4,2
817,9,3,0,66,4,2
818,5,21,0,24,4,1
820,206,17,0,64,4,3
821,15,13,0,65,4,3
822,3,4,0,66,4,2
824,206,18,0,64,4,2
825,1,14,0,65,4,2
826,5,12,0,65,4,3
828,207,19,0,64,4,2
1,131,2,0,78,6,1
3,131,1,1,78,6,1
4,6,5,0,78,6,1
8,6,6,0,77,6,3
13,3,16,0,77,6,1
16,15,18,0,23,6,1
18,1,12,0,77,6,1
20,9,4,0,5,6,1
154,208,14,0,77,6,2
155,207,20,0,75,6,2
807,10,11,0,77,6,1
817,9,3,0,78,6,1
818,5,7,0,50,6,2
820,206,19,0,75,6,3
821,15,17,0,59,6,1
822,3,13,0,55,6,1
824,206,21,0,77,6,1
825,1,8,0,77,6,1
828,207,22,0,77,6,2
1,131,2,0,46,7,2
3,131,1,0,70,7,2
4,6,7,0,70,7,2
8,6,10,0,70,7,2
13,3,5,0,69,7,2
16,15,16,0,69,7,2
18,1,9,0,70,7,2
20,9,3,0,70,7,2
154,208,14,0,59,7,2
807,10,11,0,70,7,1
815,10,13,0,69,7,1
817,9,6,1,70,7,2
818,5,8,0,70,7,2
821,15,22,0,64,7,3
822,3,4,0,70,7,2
825,1,12,0,70,7,2
826,5,15,0,47,7,2
1,131,9,0,71,70,2
3,131,3,1,71,70,2
4,6,4,0,71,70,2
8,6,8,0,71,70,2
13,3,1,0,71,70,2
16,15,16,0,70,70,2
18,1,11,0,71,70,2
20,9,12,0,34,70,2
154,208,22,0,70,70,2
155,207,19,0,69,70,1
807,10,10,0,71,70,2
813,208,13,0,70,70,2
815,10,15,0,71,70,2
817,9,5,0,71,70,2
818,5,14,0,59,70,2
820,206,21,0,69,70,1
821,15,17,0,69,70,3
822,3,2,0,71,70,2
824,206,18,0,69,70,1
825,1,6,0,71,70,2
826,5,7,0,24,70,1
828,207,20,0,69,70,2
1,131,6,1,52,9,2
3,131,1,0,28,9,1
4,6,16,0,52,9,1
16,15,13,0,51,9,1
18,1,3,0,52,9,1
20,9,2,0,52,9,2
154,208,11,0,51,9,1
155,207,22,0,50,9,2
807,10,4,0,52,9,1
813,208,20,0,49,9,1
815,10,7,0,51,9,1
817,9,8,0,52,9,1
818,5,10,0,51,9,1
820,206,17,0,50,9,3
822,3,14,0,52,9,1
824,206,12,0,51,9,1
825,1,5,0,52,9,1
826,5,9,0,52,9,2
1,131,20,0,67,10,3
3,131,1,1,67,10,2
4,6,7,0,67,10,3
8,6,12,0,66,10,3
16,15,15,0,47,10,3
18,1,11,0,67,10,3
20,9,6,0,67,10,3
154,208,14,0,26,10,1
155,207,19,0,65,10,3
807,10,9,0,67,10,2
813,208,18,0,66,10,2
815,10,10,0,66,10,3
817,9,5,0,67,10,3
818,5,13,0,66,10,3
820,206,21,0,65,10,3
821,15,16,0,66,10,3
822,3,2,0,67,10,2
824,206,17,0,66,10,2
825,1,4,0,66,10,3
826,5,8,0,44,10,2
828,207,22,0,65,10,3
1,131,22,0,70,11,2
3,131,1,0,70,11,3
4,6,5,0,70,11,2
8,6,16,0,70,11,2
13,3,6,0,70,11,3
16,15,11,0,70,11,2
18,1,7,0,70,11,3
20,9,2,0,70,11,2
154,208,14,0,11,11,1
155,207,17,0,26,11,1
807,10,9,0,16,11,1
813,208,20,0,70,11,3
815,10,12,0,23,11,1
817,9,4,1,70,11,3
818,5,8,0,70,11,2
820,206,18,0,69,11,2
821,15,13,0,33,11,1
822,3,3,0,70,11,3
824,206,15,0,69,11,3
825,1,21,0,70,11,2
826,5,10,0,69,11,2
1,131,2,0,38,13,3
3,131,1,0,44,13,3
4,6,4,0,44,13,2
8,6,8,0,44,13,2
13,3,9,0,44,13,3
16,15,14,0,44,13,3
18,1,10,0,44,13,2
20,9,3,0,44,13,3
154,208,15,0,33,13,3
807,10,18,0,44,13,2
815,10,13,0,44,13,2
817,9,5,1,44,13,2
818,5,12,0,44,13,2
820,206,19,0,43,13,2
821,15,20,0,44,13,2
822,3,6,0,44,13,2
824,206,16,0,39,13,2
825,1,7,0,44,13,2
826,5,11,0,44,13,2
828,207,22,0,43,13,2
1,131,1,1,53,14,1
3,131,2,0,53,14,1
4,6,7,0,28,14,1
8,6,11,0,53,14,1
13,3,4,0,53,14,1
16,15,14,0,52,14,1
18,1,6,0,53,14,1
20,9,8,0,53,14,1
154,208,17,0,52,14,1
155,207,18,0,52,14,1
807,10,13,0,53,14,1
813,208,16,0,52,14,1
815,10,10,0,53,14,1
817,9,9,0,53,14,1
818,5,12,0,53,14,1
821,15,15,0,51,14,3
822,3,3,0,53,14,1
824,206,19,0,52,14,1
825,1,5,0,53,14,1
826,5,21,0,53,14,1
828,207,22,0,51,14,1
1,131,1,1,60,15,3
4,6,5,0,60,15,3
8,6,7,0,60,15,3
13,3,6,0,60,15,2
16,15,17,0,40,15,3
18,1,11,0,52,15,2
20,9,4,0,60,15,2
154,208,16,0,60,15,3
807,10,13,0,60,15,3
813,208,18,0,60,15,4
815,10,15,0,60,15,4
817,9,3,0,60,15,2
818,5,12,0,60,15,3
820,206,21,0,59,15,3
821,15,14,0,17,15,1
822,3,8,0,60,15,2
824,206,19,0,60,15,3
825,1,9,0,60,15,3
826,5,10,0,60,15,3
828,207,22,0,60,15,2
1,131,2,1,44,22,3
3,131,1,0,44,22,3
4,6,5,0,2,22,1
8,6,10,0,43,22,5
13,3,4,0,44,22,3
16,15,14,0,40,22,4
18,1,8,0,44,22,4
20,9,9,0,44,22,3
154,208,16,0,43,22,5
155,207,19,0,43,22,5
807,10,13,0,44,22,4
813,208,22,0,43,22,4
815,10,11,0,43,22,4
817,9,6,0,44,22,3
818,5,20,0,44,22,3
820,206,21,0,43,22,3
821,15,15,0,43,22,3
822,3,3,0,44,22,3
824,206,18,0,41,22,3
825,1,7,0,43,22,5
826,5,12,0,43,22,4
828,207,17,0,43,22,4
1,131,1,1,53,71,1
3,131,2,0,53,71,1
4,6,7,0,53,71,1
8,6,8,0,53,71,1
13,3,18,0,53,71,2
16,15,14,0,52,71,1
18,1,4,0,53,71,1
20,9,10,0,53,71,1
154,208,15,0,52,71,1
807,10,17,0,53,71,1
813,208,21,0,52,71,1
815,10,12,0,53,71,1
817,9,6,0,53,71,1
818,5,9,0,53,71,1
820,206,20,0,9,71,1
821,15,13,0,52,71,1
822,3,3,0,53,71,1
825,1,11,0,53,71,1
826,5,5,0,52,71,2
828,207,16,0,51,71,2
1,131,2,1,56,69,2
3,131,1,0,56,69,2
4,6,6,0,56,69,2
8,6,8,0,55,69,3
13,3,4,0,56,69,2
18,1,12,0,55,69,2
20,9,18,0,56,69,4
154,208,16,0,55,69,2
807,10,13,0,16,69,1
813,208,10,0,56,69,2
817,9,5,0,56,69,2
818,5,14,0,56,69,2
821,15,15,0,55,69,3
822,3,3,0,56,69,2
825,1,7,0,56,69,2
826,5,17,0,55,69,3
1,131,2,0,71,18,3
3,131,1,1,71,18,3
4,6,8,0,71,18,3
8,6,10,0,71,18,2
13,3,3,0,71,18,3
16,15,13,0,70,18,3
18,1,5,0,71,18,3
20,9,6,0,71,18,3
154,208,14,0,63,18,3
807,10,12,0,71,18,3
813,208,16,0,70,18,3
815,10,18,0,70,18,3
817,9,9,0,39,18,2
818,5,15,0,70,18,3
821,15,11,0,70,18,3
822,3,4,0,70,18,3
825,1,7,0,71,18,3
826,5,17,0,70,18,3
1,131,2,1,55,24,2
3,131,1,0,54,24,2
4,6,8,0,55,24,2
8,6,7,0,55,24,2
13,3,4,0,55,24,2
16,15,13,0,54,24,3
18,1,6,0,55,24,2
20,9,19,0,55,24,2
154,208,18,0,54,24,3
155,207,16,0,42,24,2
807,10,12,0,55,24,2
813,208,15,0,26,24,1
815,10,11,0,55,24,2
817,9,20,0,55,24,2
818,5,10,0,55,24,3
821,15,14,0,54,24,2
822,3,3,0,55,24,2
825,1,9,0,55,24,2
826,5,5,0,14,24,1
829,207,17,0,54,24,2
1,131,1,1,58,1,1
3,131,2,0,58,1,1
8,6,5,0,40,1,2
13,3,3,0,58,1,1
18,1,16,0,56,1,1
20,6,4,0,58,1,1
807,10,13,0,57,1,2
815,10,14,0,57,1,1
817,9,6,0,57,1,1
828,15,15,0,57,1,3
830,5,11,0,32,1,1
831,15,10,0,58,1,1
832,5,7,0,57,1,1
1,131,1,0,56,2,3
3,131,3,0,56,2,3
4,1,18,0,21,2,1
8,6,11,0,56,2,3
13,3,7,0,56,2,3
18,1,17,0,41,2,3
20,6,2,1,56,2,2
154,208,10,0,55,2,3
807,10,13,0,55,2,3
813,208,12,0,47,2,3
815,10,14,0,55,2,2
817,9,4,0,55,2,3
822,3,8,0,56,2,3
826,9,5,0,55,2,3
830,5,6,0,56,2,3
831,15,16,0,55,2,4
832,5,15,0,55,2,2
833,209,19,0,53,2,3
1,131,1,1,56,17,2
3,131,2,0,56,17,2
4,1,18,0,55,17,2
8,6,6,0,56,17,2
13,3,4,0,56,17,2
18,1,17,0,55,17,2
20,6,3,0,56,17,2
154,208,8,0,56,17,2
813,208,11,0,49,17,3
815,10,15,0,55,17,3
817,9,7,0,56,17,2
822,3,5,0,56,17,2
828,15,10,0,55,17,2
829,209,19,0,54,17,2
830,5,13,0,52,17,2
831,15,9,0,56,17,2
832,5,14,0,55,17,2
833,209,20,0,54,17,2
1,131,1,1,57,3,2
3,131,3,0,57,3,2
4,1,14,0,56,3,2
8,6,4,0,57,3,2
13,3,6,0,56,3,2
20,6,2,0,57,3,3
154,208,10,0,57,3,2
807,10,8,0,56,3,3
813,208,16,0,56,3,3
815,10,11,0,56,3,2
817,9,7,0,57,3,2
822,3,5,0,57,3,2
826,9,17,0,56,3,2
828,15,13,0,56,3,3
829,209,18,0,55,3,2
830,5,15,0,34,3,2
831,15,12,0,56,3,3
832,5,9,0,29,3,2
833,209,19,0,54,3,2
1,131,2,0,66,4,3
3,131,1,1,66,4,2
4,1,13,0,26,4,1
8,6,7,0,66,4,2
13,3,9,0,66,4,3
18,1,14,0,65,4,3
20,6,3,0,66,4,2
154,208,11,0,65,4,2
807,10,17,0,65,4,3
813,208,12,0,45,4,3
815,10,18,0,65,4,2
817,9,10,0,65,4,2
822,3,4,0,66,4,2
826,9,8,0,65,4,2
828,15,16,0,65,4,2
829,209,19,0,63,4,3
830,5,6,0,65,4,2
831,15,15,0,65,4,2
832,5,5,0,65,4,2
833,209,20,0,62,4,3
1,131,1,0,78,6,2
3,131,2,1,78,6,1
4,1,13,0,41,6,1
8,6,6,0,78,6,1
13,3,12,0,77,6,3
18,1,10,0,78,6,2
20,6,3,0,78,6,1
154,208,15,0,78,6,1
807,10,11,0,78,6,2
815,10,7,0,78,6,2
817,9,4,0,78,6,2
822,3,16,0,78,6,2
826,9,5,0,78,6,1
828,15,17,0,78,6,3
829,209,18,0,76,6,1
830,5,9,0,62,6,2
831,15,14,0,78,6,2
832,5,0,0,78,6,1
833,209,19,0,76,6,1
1,131,1,1,70,7,1
3,131,2,0,70,7,1
4,1,13,0,44,7,1
8,6,3,0,70,7,2
13,3,15,0,70,7,1
18,1,20,0,54,7,2
20,6,18,0,70,7,2
154,208,5,0,69,7,1
807,10,7,0,69,7,1
813,208,6,0,70,7,1
815,10,10,0,69,7,1
817,9,9,0,69,7,1
822,3,4,0,70,7,1
826,9,8,0,69,7,1
828,15,12,0,69,7,1
829,209,17,0,66,7,1
830,5,19,0,69,7,1
831,15,14,0,68,7,1
832,5,11,0,69,7,1
833,209,16,0,57,7,1
1,131,1,0,71,70,1
3,131,2,1,71,70,1
13,3,4,0,71,70,1
18,1,20,0,8,70,2
20,6,3,0,71,70,1
154,208,9,0,35,70,1
807,10,5,0,71,70,1
813,208,10,0,70,70,1
815,10,13,0,70,70,1
817,9,18,0,70,70,1
822,3,6,0,71,70,1
826,9,15,0,70,70,2
828,15,11,0,69,70,3
830,5,7,0,70,70,1
831,15,8,0,70,70,1
832,5,12,0,35,70,1
833,209,16,0,68,70,1
1,131,1,1,52,9,2
3,131,2,0,52,9,2
4,1,17,0,51,9,3
8,6,5,0,51,9,3
13,3,3,0,52,9,2
20,6,6,0,52,9,2
807,10,9,0,52,9,2
815,10,11,0,51,9,2
817,9,10,0,21,9,2
822,3,4,0,52,9,2
826,9,7,0,52,9,2
828,15,15,0,51,9,4
829,209,19,0,49,9,2
832,5,8,0,31,9,1
833,209,20,0,49,9,2
1,131,1,0,69,11,6
3,131,2,0,69,11,5
4,1,15,0,69,11,5
8,6,5,0,55,11,5
13,3,8,0,69,11,5
18,1,16,0,69,11,4
20,6,3,1,69,11,4
154,208,10,0,69,11,5
807,10,11,0,41,11,2
813,208,14,0,69,11,6
815,10,13,0,53,11,5
817,9,4,0,69,11,5
822,3,6,0,69,11,5
826,9,7,0,69,11,5
828,15,17,0,69,11,5
829,209,20,0,65,11,5
830,5,9,0,69,11,5
831,15,18,0,69,11,5
832,5,12,0,60,11,4
833,209,19,0,67,11,5
1,131,1,1,43,13,2
3,131,2,0,43,13,2
4,1,20,0,42,13,3
8,6,16,0,43,13,2
13,3,6,0,43,13,2
18,1,19,0,42,13,3
20,6,8,0,42,13,1
154,208,9,0,43,13,2
815,10,4,0,43,13,2
817,9,5,0,19,13,1
822,3,3,0,43,13,3
826,9,12,0,43,13,2
828,15,13,0,43,13,2
829,209,15,0,42,13,2
830,5,18,0,43,13,3
831,15,14,0,43,13,2
832,5,10,0,32,13,2
833,209,17,0,42,13,2
1,131,1,1,53,14,1
3,131,4,0,50,14,1
4,1,16,0,47,14,2
8,6,2,0,53,14,1
13,3,5,0,53,14,1
18,1,15,0,52,14,1
20,6,3,0,53,14,1
807,10,9,0,52,14,1
815,10,7,0,53,14,1
817,9,19,0,52,14,1
822,3,6,0,53,14,1
826,9,18,0,52,14,1
828,15,12,0,52,14,1
829,209,13,0,51,14,1
830,5,20,0,52,14,3
831,15,17,0,52,14,2
832,5,17,0,52,14,2
833,209,14,0,51,14,1
1,131,5,0,32,15,1
3,131,6,0,61,15,2
4,1,12,0,33,15,1
8,6,3,0,61,15,2
13,3,9,0,30,15,3
18,1,15,0,52,15,3
20,6,1,1,61,15,2
154,208,10,0,59,15,2
807,10,11,0,12,15,1
813,208,18,0,61,15,3
815,10,13,0,61,15,2
817,9,2,0,61,15,2
822,3,7,0,61,15,2
826,9,4,0,61,15,2
828,15,17,0,61,15,3
829,209,19,0,59,15,2
830,5,8,0,61,15,2
831,15,16,0,61,15,2
832,5,14,0,61,15,3
834,209,20,0,59,15,2
1,131,2,1,53,22,2
3,131,1,0,53,22,2
4,1,12,0,52,22,2
8,6,6,0,53,22,2
13,3,5,0,51,22,3
18,1,14,0,52,22,2
20,6,4,0,53,22,2
154,208,8,0,53,22,2
807,10,13,0,53,22,3
813,208,11,0,53,22,2
815,10,9,0,52,22,3
817,9,7,0,52,22,2
822,3,3,0,53,22,2
826,9,20,0,52,22,3
828,15,15,0,52,22,2
829,209,18,0,50,22,3
830,5,17,0,53,22,2
831,15,16,0,49,22,2
832,5,10,0,52,22,2
834,209,19,0,51,22,2
1,131,2,1,53,71,1
4,1,19,0,53,71,1
8,6,5,0,53,71,1
13,3,15,0,53,71,1
18,1,13,0,53,71,1
20,6,4,0,53,71,1
154,208,8,0,11,71,1
813,208,14,0,53,71,1
815,10,7,0,53,71,1
817,9,10,0,47,71,1
822,3,3,0,52,71,1
826,9,11,0,53,71,1
829,209,17,0,51,71,2
830,5,9,0,53,71,2
831,15,12,0,53,71,1
832,5,20,0,45,71,1
833,209,18,0,52,71,1
1,131,2,1,56,69,2
3,131,1,0,56,69,2
4,1,9,0,56,69,3
8,6,18,0,25,69,2
13,3,7,0,23,69,1
18,1,11,0,56,69,3
20,6,13,0,56,69,3
154,208,10,0,10,69,2
807,10,6,0,35,69,2
813,208,12,0,56,69,3
815,10,5,0,56,69,2
817,9,3,0,56,69,3
822,3,16,0,5,69,2
826,9,4,0,41,69,2
828,15,14,0,25,69,2
830,5,8,0,56,69,2
831,15,15,0,56,69,5
832,5,20,0,56,69,3
834,209,17,0,56,69,3
1,131,2,0,71,32,2
3,131,1,1,71,32,2
13,3,7,0,71,32,2
18,1,20,0,71,32,2
20,6,3,0,50,32,2
154,208,12,0,71,32,2
807,10,10,0,71,32,2
813,208,13,0,71,32,2
815,10,9,0,71,32,1
817,9,5,0,71,32,2
822,3,6,0,71,32,2
826,9,4,0,71,32,2
828,15,14,0,71,32,3
829,209,17,0,69,32,2
830,5,8,0,71,32,2
831,15,15,0,57,32,3
832,5,11,0,71,32,3
834,209,16,0,69,32,2
1,131,2,0,71,18,3
3,131,1,1,71,18,3
4,1,20,0,70,18,3
8,6,4,0,71,18,2
13,3,8,0,70,18,3
18,1,16,0,70,18,3
20,6,3,0,71,18,3
154,208,14,0,70,18,3
807,10,5,0,70,18,2
813,208,15,0,70,18,2
815,10,11,0,70,18,3
817,9,19,0,70,18,3
822,3,7,0,70,18,2
826,9,6,0,70,18,2
828,15,12,0,69,18,3
829,209,18,0,67,18,2
830,5,9,0,70,18,3
831,15,13,0,70,18,2
834,209,17,0,67,18,2
1,131,2,0,55,24,2
3,131,1,1,55,24,2
4,1,16,0,53,24,4
8,6,3,0,55,24,2
13,3,8,0,55,24,2
18,1,12,0,54,24,2
20,6,15,0,55,24,2
154,208,18,0,55,24,2
807,10,7,0,55,24,2
815,10,4,0,55,24,2
817,9,5,0,55,24,2
822,3,6,0,54,24,3
826,9,9,0,55,24,2
828,15,17,0,54,24,2
829,209,19,0,53,24,2
830,5,11,0,54,24,3
831,15,14,0,54,24,3
832,5,10,0,55,24,2
833,209,20,0,52,24,1
1,131,1,0,57,1,2
3,131,2,1,57,1,2
4,1,11,0,16,1,1
8,6,4,0,21,1,2
13,3,6,0,57,1,2
18,1,12,0,56,1,3
20,6,3,0,57,1,3
154,210,19,0,57,1,1
807,10,10,0,57,1,2
815,10,9,0,57,1,2
817,9,8,0,57,1,3
822,3,16,0,57,1,2
825,4,14,0,57,1,3
828,15,15,0,38,1,3
830,5,5,0,57,1,3
831,15,17,0,56,1,2
832,5,7,0,57,1,3
835,4,13,0,57,1,2
836,209,21,0,56,1,3
837,209,22,0,17,1,1
1,131,1,0,57,3,3
3,131,2,1,57,3,3
8,6,4,0,57,3,3
13,3,7,0,56,3,2
154,210,9,0,57,3,3
807,10,8,0,56,3,4
815,10,18,0,56,3,3
817,9,5,0,57,3,3
821,210,13,0,9,3,1
822,3,6,0,56,3,3
825,4,22,0,56,3,3
826,9,15,0,56,3,3
828,15,17,0,56,3,2
830,5,10,0,57,3,3
831,15,21,0,56,3,3
832,5,11,0,29,3,2
836,209,16,0,56,3,3
837,209,20,0,56,3,3
838,1,12,0,56,3,3
1,131,22,0,56,17,5
3,131,1,1,56,17,2
4,1,11,0,56,17,2
8,6,3,0,56,17,3
13,3,10,0,56,17,2
18,1,12,0,56,17,3
20,6,4,0,56,17,3
154,210,14,0,55,17,4
807,10,13,0,55,17,4
815,10,7,0,56,17,3
817,9,2,0,56,17,3
821,210,18,0,55,17,3
822,3,5,0,56,17,3
825,4,17,0,55,17,3
826,9,6,0,56,17,3
828,15,15,0,55,17,2
830,5,9,0,56,17,3
831,15,16,0,55,17,3
832,5,8,0,56,17,3
835,4,19,0,55,17,3
836,209,21,0,55,17,3
837,209,20,0,55,17,3
1,131,10,0,53,71,1
3,131,1,1,53,71,1
4,1,14,0,52,71,1
8,6,3,0,53,71,1
13,3,4,0,53,71,2
18,1,12,0,52,71,1
154,210,15,0,52,71,1
815,10,6,0,52,71,2
817,9,5,0,52,71,2
821,210,16,0,52,71,2
822,3,2,0,53,71,1
825,4,17,0,52,71,1
826,9,8,0,52,71,2
828,15,22,0,52,71,2
830,5,9,0,33,71,1
831,15,19,0,52,71,1
832,5,11,0,52,71,1
835,4,18,0,52,71,1
836,209,20,0,51,71,2
4,1,10,0,45,4,2
8,6,5,0,66,4,2
13,3,18,0,66,4,3
18,1,12,0,65,4,2
20,6,6,0,66,4,3
154,210,14,0,56,4,3
807,10,11,0,20,4,1
815,10,9,0,66,4,2
817,9,3,0,66,4,4
821,210,16,0,65,4,2
822,3,7,0,66,4,2
825,4,15,0,65,4,3
826,5,13,0,65,4,3
828,15,19,0,65,4,3
830,9,4,1,66,4,2
831,15,20,0,65,4,2
832,5,8,0,66,4,2
835,4,17,0,65,4,2
836,209,21,0,65,4,2
837,209,22,0,65,4,2
1,131,3,1,78,6,1
3,131,2,0,78,6,2
4,1,9,0,78,6,2
13,3,14,0,77,6,2
18,1,13,0,77,6,2
20,6,4,0,78,6,2
154,210,15,0,76,6,2
807,10,5,0,78,6,2
815,10,7,0,78,6,2
817,9,1,0,78,6,2
821,210,12,0,77,6,2
822,3,10,0,77,6,3
825,4,16,0,32,6,4
826,5,8,0,18,6,3
828,15,17,0,51,6,3
830,9,0,0,34,6,2
831,15,0,0,48,6,3
832,5,6,0,77,6,2
836,209,20,0,76,6,1
837,209,19,0,74,6,3
1,131,1,1,70,7,1
3,131,2,0,70,7,2
4,1,10,0,69,7,1
8,6,6,0,70,7,2
13,3,8,0,35,7,1
20,6,3,0,70,7,2
154,210,14,0,68,7,3
807,10,9,0,69,7,2
815,10,11,0,69,7,2
817,9,4,0,70,7,2
821,210,13,0,68,7,2
822,3,7,0,70,7,1
825,4,22,0,68,7,1
826,5,15,0,69,7,2
828,15,21,0,68,7,2
830,9,5,0,70,7,2
831,15,18,0,68,7,2
832,5,20,0,69,7,2
836,209,17,0,68,7,2
837,209,19,0,68,7,2
1,131,10,0,51,73,1
3,131,1,1,51,73,1
4,1,13,0,42,73,2
8,6,4,0,51,73,1
13,3,5,0,51,73,2
18,1,19,0,51,73,2
20,6,3,0,51,73,1
154,210,11,0,50,73,2
807,10,12,0,51,73,1
815,10,7,0,51,73,1
817,9,2,0,51,73,2
821,210,14,0,50,73,2
822,3,8,0,51,73,1
825,4,22,0,50,73,1
826,5,6,0,6,73,1
828,15,20,0,50,73,2
830,9,9,0,51,73,2
831,15,15,0,50,73,2
832,5,18,0,31,73,2
835,4,21,0,50,73,2
836,209,17,0,39,73,1
837,209,16,0,49,73,1
1,131,1,1,71,70,4
3,131,6,0,71,70,4
4,1,14,0,64,70,4
8,6,4,0,71,70,3
13,3,0,0,63,70,4
18,1,3,0,71,70,4
154,210,13,0,71,70,3
807,10,2,0,64,70,5
815,10,16,0,69,70,4
817,9,5,0,71,70,4
821,210,11,0,70,70,4
822,3,7,0,70,70,4
825,4,17,0,70,70,4
828,15,18,0,70,70,4
830,9,8,0,71,70,3
831,15,21,0,70,70,3
832,5,15,0,71,70,3
835,4,19,0,70,70,4
836,209,12,0,70,70,4
837,209,20,0,70,70,4
1,131,1,1,52,9,2
3,131,2,0,52,9,2
4,1,9,0,51,9,3
8,6,5,0,52,9,2
13,3,12,0,51,9,3
18,1,17,0,51,9,2
20,6,11,0,52,9,2
154,210,13,0,17,9,2
807,10,8,0,52,9,2
815,10,10,0,52,9,2
817,9,4,0,52,9,2
821,210,14,0,51,9,2
822,3,6,0,51,9,2
825,4,16,0,49,9,3
826,5,15,0,52,9,2
828,15,22,0,11,9,2
830,9,3,0,52,9,2
831,15,21,0,51,9,2
832,5,7,0,52,9,2
835,4,18,0,37,9,3
836,209,20,0,6,9,1
837,209,19,0,24,9,2
1,131,2,1,70,11,2
3,131,1,0,70,11,2
4,1,7,0,69,11,2
8,6,14,0,70,11,2
13,3,18,0,68,11,2
18,1,8,0,60,11,3
20,6,5,0,70,11,2
154,210,11,0,69,11,2
807,10,9,0,69,11,2
815,10,13,0,69,11,2
817,9,3,0,70,11,2
821,210,15,0,69,11,2
822,3,10,0,69,11,2
825,4,19,0,69,11,2
826,5,12,0,69,11,2
828,15,22,0,68,11,3
830,9,4,0,70,11,2
831,15,16,0,69,11,2
832,5,6,0,69,11,2
835,4,17,0,69,11,2
836,209,20,0,68,11,2
837,209,21,0,68,11,1
1,131,2,1,67,10,3
3,131,1,0,67,10,3
4,1,13,0,66,10,3
8,6,5,0,67,10,3
13,3,10,0,36,10,2
18,1,12,0,66,10,3
20,6,6,0,67,10,3
154,210,20,0,66,10,2
807,10,8,0,67,10,3
815,10,9,0,66,10,3
817,9,3,0,67,10,3
821,210,11,0,66,10,2
822,3,7,0,66,10,2
825,4,16,0,66,10,2
826,5,18,0,66,10,3
828,15,22,0,65,10,2
830,9,4,0,67,10,3
831,15,21,0,57,10,3
832,5,15,0,66,10,3
835,4,14,0,65,10,3
836,209,17,0,65,10,3
837,209,19,0,65,10,3
1,131,21,0,44,13,3
3,131,1,1,44,13,2
4,1,22,0,44,13,2
8,6,3,0,44,13,4
13,3,10,0,44,13,3
20,6,4,0,44,13,3
154,210,11,0,44,13,3
807,10,7,0,44,13,3
815,10,6,0,44,13,3
817,9,5,0,44,13,2
821,210,18,0,44,13,3
822,3,8,0,44,13,3
826,5,19,0,44,13,3
830,9,2,0,44,13,4
831,15,16,0,43,13,3
835,4,13,0,44,13,4
839,209,17,0,43,13,3
1,131,1,0,53,14,1
3,131,2,1,53,14,1
4,1,12,0,52,14,3
8,6,4,0,53,14,2
13,3,11,0,53,14,2
18,1,14,0,52,14,2
20,6,3,0,53,14,2
154,210,17,0,52,14,1
807,10,9,0,53,14,2
815,10,8,0,53,14,2
817,9,6,0,53,14,2
821,210,10,0,52,14,2
822,3,5,0,53,14,2
825,4,21,0,52,14,2
826,5,16,0,36,14,2
828,15,19,0,52,14,1
830,9,7,0,53,14,2
831,15,18,0,6,14,3
832,5,15,0,52,14,2
835,4,20,0,7,14,1
836,209,13,0,26,14,1
839,209,22,0,51,14,1
1,131,3,0,61,15,4
3,131,1,1,61,15,3
4,1,9,0,61,15,3
8,6,5,0,61,15,4
13,3,11,0,60,15,4
18,1,12,0,43,15,3
20,6,22,0,61,15,3
815,10,17,0,61,15,2
817,9,2,0,61,15,4
821,210,13,0,60,15,3
822,3,10,0,35,15,4
825,4,15,0,61,15,3
826,5,7,0,61,15,3
828,15,14,0,60,15,4
830,9,4,0,61,15,4
831,15,16,0,60,15,3
832,5,6,0,60,15,4
835,4,18,0,60,15,3
836,209,19,0,60,15,3
839,209,21,0,59,15,4
1,131,1,0,40,2,1
3,131,2,0,56,2,3
4,1,22,0,56,2,3
8,6,6,0,56,2,3
13,3,10,0,55,2,3
18,1,9,0,56,2,2
807,10,8,0,56,2,3
815,10,7,0,56,2,2
817,9,4,1,56,2,2
821,210,13,0,39,2,3
822,3,11,0,56,2,1
825,4,14,0,17,2,1
826,5,15,0,55,2,3
828,15,17,0,55,2,2
830,9,3,0,56,2,3
831,15,18,0,46,2,1
832,5,16,0,56,2,2
835,4,19,0,56,2,1
836,209,21,0,55,2,3
839,209,20,0,55,2,2
1,131,2,0,53,22,2
3,131,1,1,53,22,2
4,1,15,0,52,22,2
8,6,8,0,53,22,2
13,3,12,0,53,22,1
18,1,22,0,52,22,2
20,6,6,0,53,22,2
154,210,7,0,53,22,2
807,10,9,0,53,22,2
815,10,5,0,53,22,2
817,9,4,0,53,22,2
821,210,10,0,52,22,2
822,3,11,0,53,22,1
825,4,17,0,52,22,1
826,5,13,0,52,22,2
828,15,18,0,52,22,1
830,9,3,0,53,22,2
831,15,19,0,52,22,1
832,5,14,0,52,22,2
835,4,16,0,52,22,1
836,209,21,0,52,22,2
839,209,20,0,52,22,2
1,131,1,1,56,69,2
3,131,2,0,56,69,2
4,1,12,0,56,69,2
8,6,5,0,38,69,3
13,3,9,0,55,69,3
18,1,19,0,55,69,2
20,6,6,0,56,69,3
154,210,17,0,55,69,2
815,10,11,0,55,69,2
817,9,3,0,56,69,2
821,210,14,0,16,69,1
822,3,8,0,55,69,2
825,4,18,0,55,69,3
826,5,13,0,55,69,1
828,15,16,0,55,69,1
830,9,4,0,28,69,2
831,15,21,0,55,69,1
832,5,10,0,56,69,2
835,4,15,0,55,69,2
836,209,20,0,55,69,2
839,209,22,0,54,69,3
1,131,1,1,71,32,1
3,131,2,0,71,32,1
4,1,11,0,70,32,2
8,6,6,0,71,32,2
13,3,9,0,71,32,1
18,1,13,0,70,32,1
20,6,7,0,71,32,1
154,210,22,0,70,32,2
807,10,5,0,71,32,1
815,10,12,0,71,32,1
817,9,4,0,71,32,2
821,210,17,0,70,32,2
822,3,8,0,71,32,1
825,4,14,0,70,32,2
826,5,18,0,70,32,2
828,15,15,0,70,32,1
830,9,3,0,71,32,1
831,15,19,0,70,32,1
832,5,10,0,70,32,1
835,4,21,0,70,32,1
839,209,20,0,69,32,1
1,131,1,1,71,18,2
3,131,2,0,71,18,2
4,1,10,0,71,18,3
13,3,13,0,46,18,4
18,1,17,0,71,18,5
20,6,5,0,71,18,3
807,10,8,0,71,18,3
815,10,9,0,71,18,2
817,9,6,0,71,18,5
821,210,12,0,60,18,4
822,3,11,0,71,18,4
825,4,18,0,71,18,4
826,5,14,0,71,18,4
828,15,20,0,11,18,1
830,9,4,0,71,18,5
831,15,21,0,71,18,2
832,5,15,0,71,18,2
835,4,16,0,20,18,2
836,209,19,0,71,18,3
839,209,22,0,71,18,2
1,131,1,1,55,24,2
3,131,2,0,55,24,2
4,1,9,0,55,24,2
8,6,4,0,55,24,2
13,3,10,0,55,24,2
20,6,5,0,55,24,2
154,210,14,0,55,24,2
807,10,7,0,55,24,2
815,10,8,0,55,24,2
817,9,3,0,55,24,2
821,210,13,0,55,24,2
825,4,18,0,5,24,1
826,5,17,0,14,24,1
828,15,22,0,54,24,1
830,9,6,0,55,24,1
831,15,19,0,54,24,2
832,5,21,0,41,24,2
835,4,15,0,54,24,3
836,209,16,0,54,24,2
839,209,20,0,54,24,2
1,131,1,0,57,1,1
4,1,12,0,50,1,1
8,6,4,0,57,1,1
13,3,7,0,57,1,1
20,6,2,1,57,1,1
807,4,11,0,56,1,2
815,10,10,0,56,1,1
822,131,3,0,57,1,1
825,210,17,0,46,1,2
826,5,9,0,56,1,2
830,9,5,0,57,1,1
832,5,8,0,56,1,1
838,1,18,0,55,1,1
839,10,13,0,56,1,1
840,3,20,0,40,1,2
841,15,16,0,55,1,1
1,131,1,1,56,17,4
4,1,13,0,33,17,4
8,6,4,0,56,17,4
13,3,6,0,55,17,6
20,6,2,0,56,17,5
154,210,19,0,55,17,5
807,4,7,0,55,17,5
815,10,8,0,55,17,6
817,9,5,0,56,17,4
822,131,3,0,56,17,4
825,210,12,0,55,17,5
826,5,9,0,18,17,4
828,15,14,0,55,17,4
830,9,16,0,56,17,4
832,5,11,0,56,17,4
835,4,20,0,55,17,4
838,1,15,0,17,17,4
839,10,17,0,55,17,5
841,15,18,0,3,17,1
1,131,2,0,57,3,2
4,1,15,0,54,3,2
8,6,5,0,57,3,2
13,3,8,0,57,3,2
20,6,3,1,57,3,2
154,210,9,0,57,3,2
807,4,7,0,57,3,2
815,10,18,0,57,3,2
817,9,4,0,57,3,2
822,131,1,0,57,3,2
826,5,11,0,56,3,2
828,15,19,0,50,3,1
830,9,6,0,11,3,1
832,5,16,0,12,3,1
835,4,10,0,56,3,2
836,15,13,0,56,3,1
839,10,14,0,57,3,2
840,3,12,0,12,3,1
1,131,4,0,52,71,1
8,6,2,0,52,71,1
13,3,6,0,51,71,2
20,6,1,0,52,71,1
807,4,8,0,52,71,1
815,10,9,0,52,71,1
822,131,3,1,52,71,1
825,210,13,0,51,71,1
826,5,12,0,51,71,1
828,15,18,0,51,71,2
830,9,7,0,52,71,1
832,5,14,0,51,71,1
836,15,17,0,50,71,2
838,1,20,0,51,71,2
839,10,10,0,52,71,1
840,3,11,0,51,71,1
1,131,1,1,66,4,2
4,1,7,0,64,4,3
13,3,9,0,64,4,3
20,6,2,0,66,4,2
154,210,14,0,65,4,2
807,4,13,0,65,4,2
815,10,8,0,65,4,2
817,9,6,0,66,4,2
822,131,3,0,38,4,1
825,210,11,0,64,4,3
826,5,19,0,65,4,2
828,15,16,0,64,4,2
832,5,12,0,65,4,2
835,4,17,0,64,4,3
836,15,15,0,65,4,1
838,1,20,0,32,4,1
839,10,10,0,65,4,2
840,3,18,0,64,4,2
1,131,13,0,78,6,1
8,6,1,0,78,6,1
13,3,14,0,78,6,2
18,1,20,0,57,6,2
20,6,2,1,78,6,1
154,210,8,0,78,6,1
815,10,7,0,78,6,3
817,9,5,0,78,6,1
822,131,3,0,78,6,1
825,210,11,0,78,6,2
826,5,9,0,71,6,1
828,15,19,0,63,6,1
830,9,4,0,78,6,2
832,5,6,0,78,6,1
835,4,16,0,78,6,1
836,15,18,0,57,6,1
838,1,12,0,66,6,1
839,10,15,0,78,6,3
840,3,17,0,71,6,2
1,131,1,1,70,7,1
4,1,12,0,66,7,1
8,6,4,0,70,7,2
20,6,2,0,70,7,2
154,210,14,0,69,7,1
807,4,10,0,70,7,1
815,10,8,0,70,7,1
817,9,6,0,70,7,1
822,131,3,0,70,7,1
825,210,18,0,69,7,1
826,5,11,0,54,7,2
828,15,19,0,69,7,1
835,4,15,0,69,7,1
836,15,20,0,68,7,2
838,1,16,0,69,7,1
839,10,9,0,70,7,1
840,3,17,0,69,7,1
1,131,1,0,51,73,4
4,1,19,0,51,73,3
8,6,3,0,46,73,4
13,3,9,0,25,73,3
20,6,4,0,51,73,4
154,210,16,0,50,73,5
807,4,13,0,24,73,3
815,10,6,0,39,73,4
817,9,10,1,51,73,4
822,131,2,0,51,73,4
825,210,12,0,51,73,3
828,15,17,0,51,73,3
832,5,15,0,51,73,3
836,15,14,0,51,73,5
838,1,18,0,51,73,4
839,10,7,0,51,73,4
840,3,8,0,51,73,3
1,131,8,0,71,70,1
8,6,3,0,71,70,1
13,3,17,0,70,70,1
20,6,2,0,71,70,1
154,210,6,0,71,70,1
807,4,11,0,70,70,1
815,10,7,0,70,70,1
817,9,4,0,71,70,1
822,131,1,1,71,70,1
826,5,14,0,68,70,3
828,15,19,0,69,70,1
832,5,10,0,44,70,1
835,4,16,0,70,70,1
836,15,20,0,70,70,1
838,1,13,0,70,70,2
839,10,9,0,70,70,1
840,3,18,0,70,70,1
1,131,1,1,51,9,1
4,1,20,0,32,9,1
8,6,2,0,51,9,2
13,3,14,0,50,9,1
20,6,3,0,51,9,2
154,210,10,0,50,9,2
807,4,5,0,51,9,1
815,10,6,0,50,9,1
817,9,19,0,51,9,1
822,131,9,0,51,9,1
825,210,16,0,50,9,1
826,5,12,0,50,9,3
828,15,18,0,50,9,1
830,9,4,0,51,9,2
836,15,17,0,50,9,3
838,1,8,0,50,9,1
839,10,7,0,50,9,1
840,3,15,0,50,9,2
1,131,4,0,70,11,1
4,1,7,0,70,11,1
8,6,2,0,70,11,1
20,6,1,1,70,11,1
154,210,14,0,20,11,1
807,4,12,0,67,11,1
814,3,19,0,60,11,1
815,10,13,0,69,11,1
822,131,3,0,70,11,1
825,210,15,0,69,11,1
826,5,16,0,69,11,1
828,15,20,0,68,11,2
830,9,5,0,70,11,1
832,5,9,0,69,11,1
835,4,10,0,69,11,1
836,15,18,0,68,11,2
838,1,8,0,69,11,1
839,10,11,0,69,11,1
840,3,17,0,69,11,1
1,131,1,1,44,13,2
4,1,10,0,25,13,1
8,6,4,0,44,13,3
13,3,16,0,44,13,2
20,6,2,0,44,13,2
154,210,11,0,44,13,2
807,4,7,0,44,13,2
815,10,8,0,42,13,3
817,9,6,0,44,13,2
822,131,3,0,44,13,2
825,210,12,0,44,13,3
826,5,19,0,44,13,2
828,15,17,0,44,13,3
832,5,13,0,44,13,2
835,4,14,0,44,13,2
838,1,20,0,44,13,2
839,10,9,0,44,13,3
840,3,15,0,44,13,2
1,131,1,1,53,14,1
4,1,19,0,50,14,1
8,6,5,0,53,14,1
13,3,7,0,53,14,1
20,6,6,0,53,14,1
154,210,20,0,52,14,2
807,4,14,0,52,14,1
815,10,10,0,53,14,1
817,9,16,0,53,14,1
822,131,4,0,53,14,1
825,210,9,0,52,14,1
826,5,8,0,52,14,1
828,15,11,0,49,14,1
830,9,13,0,52,14,2
832,5,15,0,52,14,1
835,4,17,0,29,14,1
836,15,12,0,51,14,1
839,10,3,0,53,14,1
840,3,2,0,53,14,1
1,131,5,1,58,15,4
4,1,8,0,8,15,3
13,3,17,0,58,15,6
154,210,15,0,58,15,4
807,4,7,0,48,15,6
815,10,12,0,58,15,5
817,9,3,0,58,15,5
822,131,6,0,58,15,4
825,210,16,0,50,15,6
826,5,13,0,10,15,3
828,15,20,0,35,15,6
832,5,10,0,58,15,4
835,4,11,0,58,15,5
836,15,19,0,56,15,6
838,1,9,0,58,15,5
839,10,14,0,58,15,6
840,3,18,0,58,15,4
1,131,1,0,56,2,1
4,1,10,0,55,2,1
13,3,11,0,55,2,1
20,6,20,0,56,2,1
154,210,16,0,55,2,2
807,4,8,0,55,2,2
815,10,9,0,56,2,1
817,9,4,0,56,2,1
822,131,5,0,56,2,1
825,210,17,0,55,2,1
828,15,19,0,54,2,1
830,9,3,1,56,2,1
835,4,12,0,55,2,1
836,15,18,0,55,2,1
838,1,7,0,55,2,1
839,10,6,0,55,2,1
840,3,13,0,55,2,1
842,5,15,0,55,2,1
1,131,1,1,53,22,1
4,1,20,0,52,22,1
8,6,10,0,53,22,1
13,3,8,0,52,22,1
154,210,13,0,53,22,1
807,4,11,0,40,22,1
815,10,7,0,53,22,1
817,9,3,0,53,22,1
822,131,6,0,53,22,1
825,210,12,0,53,22,1
830,9,4,0,53,22,1
835,4,18,0,52,22,1
836,15,17,0,51,22,3
838,1,9,0,52,22,2
839,10,5,0,53,22,1
840,3,15,0,45,22,2
842,5,14,0,52,22,2
1,131,1,1,56,69,1
4,1,8,0,24,69,1
8,6,5,0,56,69,1
13,3,10,0,55,69,1
20,6,2,0,56,69,2
154,210,12,0,55,69,1
815,10,9,0,55,69,1
817,9,4,0,14,69,1
822,131,3,0,56,69,2
825,210,17,0,55,69,2
826,5,11,0,55,69,1
828,15,13,0,55,69,1
830,9,16,0,56,69,2
832,4,7,0,56,69,1
836,15,14,0,5,69,1
838,1,20,0,55,69,1
839,10,6,0,56,69,1
840,3,15,0,55,69,2
843,5,19,0,55,69,2
1,131,3,0,70,32,2
4,1,18,0,70,32,1
8,6,5,0,71,32,1
13,3,10,0,70,32,1
20,6,1,0,71,32,2
154,210,15,0,69,32,2
807,4,7,0,24,32,1
815,10,9,0,70,32,2
822,131,4,0,71,32,1
825,210,14,0,70,32,1
828,15,12,0,55,32,1
830,9,2,1,71,32,1
832,4,8,0,59,32,2
836,15,13,0,69,32,1
838,1,19,0,70,32,1
839,10,6,0,70,32,1
840,3,11,0,70,32,1
842,5,20,0,70,32,1
1,131,20,0,71,18,4
4,1,6,0,71,18,4
8,6,3,0,71,18,4
13,3,9,0,71,18,4
20,6,2,1,71,18,4
154,210,11,0,69,18,4
807,4,7,0,70,18,4
815,10,5,0,71,18,4
817,9,14,0,71,18,4
822,131,1,0,71,18,4
828,15,17,0,70,18,4
830,9,4,0,71,18,5
832,4,8,0,70,18,4
836,15,15,0,70,18,3
840,3,16,0,69,18,5
842,5,19,0,70,18,4
843,5,18,0,40,18,4
1,131,2,0,55,24,1
4,1,11,0,54,24,1
8,6,5,0,55,24,1
13,3,10,0,54,24,1
20,6,3,0,55,24,1
154,210,16,0,54,24,1
807,4,7,0,55,24,1
815,10,8,0,55,24,1
817,9,4,0,20,24,1
822,131,1,1,55,24,1
825,210,14,0,54,24,1
828,15,19,0,54,24,1
830,9,6,0,55,24,1
832,4,12,0,31,24,1
836,15,18,0,54,24,1
838,1,13,0,54,24,1
839,10,9,0,55,24,1
840,3,15,0,54,24,3
842,5,17,0,54,24,1
843,5,20,0,54,24,1
1,131,1,0,58,1,1
4,1,10,0,58,1,1
8,6,2,0,58,1,1
20,6,3,1,58,1,1
154,210,6,0,24,1,1
807,4,7,0,58,1,1
815,10,12,0,58,1,1
817,9,8,0,58,1,1
822,131,15,0,58,1,1
825,210,5,0,22,1,1
830,9,4,0,58,1,1
832,4,9,0,58,1,1
838,1,11,0,58,1,1
839,10,14,0,58,1,1
840,3,13,0,58,1,2
843,5,16,0,57,1,2
844,15,18,0,58,1,2
1,131,9,0,57,3,1
4,1,13,0,56,3,2
8,6,2,0,35,3,1
20,6,1,1,57,3,1
154,210,16,0,56,3,3
807,4,7,0,57,3,2
815,10,12,0,56,3,2
822,131,3,0,57,3,1
825,210,6,0,57,3,2
828,15,17,0,56,3,1
830,9,15,0,3,3,1
832,4,10,0,56,3,2
838,1,14,0,56,3,2
839,10,8,0,56,3,2
840,3,20,0,56,3,2
842,5,5,0,57,3,2
843,5,11,0,56,3,2
844,15,19,0,56,3,2
845,3,18,0,56,3,2
1,131,4,0,56,17,1
4,1,13,0,56,17,1
8,6,2,0,56,17,1
20,6,1,0,56,17,1
154,210,10,0,56,17,2
807,4,7,0,56,17,2
815,10,8,0,56,17,2
817,9,6,1,56,17,2
822,131,3,0,56,17,1
825,210,11,0,56,17,1
828,15,20,0,56,17,1
830,9,5,0,56,17,2
832,4,9,0,56,17,2
838,1,14,0,56,17,1
839,10,12,0,56,17,2
840,3,18,0,56,17,1
842,5,17,0,56,17,2
843,5,15,0,51,17,2
844,15,19,0,56,17,1
845,3,16,0,56,17,2
1,131,2,1,51,73,2
4,1,12,0,51,73,2
8,6,6,0,51,73,2
20,6,1,0,51,73,2
154,210,20,0,42,73,2
815,10,8,0,51,73,2
817,9,4,0,39,73,1
822,131,3,0,48,73,1
825,210,15,0,51,73,2
828,15,18,0,51,73,4
830,9,5,0,39,73,1
832,4,9,0,51,73,2
838,1,16,0,51,73,4
840,3,10,0,51,73,2
842,5,17,0,51,73,2
843,5,19,0,51,73,3
844,15,13,0,51,73,2
1,131,1,1,66,4,1
4,1,8,0,65,4,1
20,6,3,0,66,4,2
815,10,15,0,64,4,2
817,9,6,0,66,4,1
822,131,2,0,66,4,1
825,210,7,0,65,4,1
828,15,17,0,64,4,1
830,9,5,0,66,4,1
832,4,9,0,65,4,1
838,1,11,0,45,4,1
839,10,13,0,38,4,1
840,3,18,0,64,4,1
843,5,20,0,64,4,2
844,15,14,0,64,4,1
845,3,19,0,63,4,3
1,131,3,0,78,6,1
4,1,7,0,52,6,1
8,6,4,0,78,6,1
20,6,2,0,78,6,1
154,210,18,0,77,6,2
807,4,11,0,78,6,1
815,10,9,0,78,6,1
817,9,1,1,78,6,1
822,131,5,0,78,6,1
825,210,19,0,78,6,1
828,15,16,0,78,6,1
830,9,20,0,78,6,1
832,4,8,0,78,6,1
838,1,12,0,77,6,2
839,10,6,0,78,6,1
840,3,17,0,76,6,3
842,5,10,0,78,6,1
843,5,15,0,70,6,1
844,15,14,0,70,6,1
845,3,13,0,77,6,3
1,131,4,0,68,7,1
4,1,14,0,40,7,1
8,6,5,0,68,7,1
20,6,1,1,68,7,1
154,210,20,0,67,7,1
807,4,7,0,67,7,1
815,10,10,0,67,7,2
817,9,6,0,68,7,1
822,131,2,0,68,7,1
825,210,11,0,67,7,1
828,15,19,0,66,7,1
830,9,3,0,68,7,1
832,4,9,0,67,7,1
838,1,15,0,66,7,2
839,10,8,0,67,7,1
842,5,16,0,67,7,1
844,15,13,0,67,7,1
845,3,18,0,66,7,1
1,131,1,1,53,34,1
4,1,16,0,50,34,2
8,6,6,0,53,34,1
20,6,3,0,53,34,2
154,210,10,0,52,34,1
807,4,12,0,53,34,1
817,9,5,0,53,34,1
822,131,2,0,53,34,2
825,210,9,0,53,34,1
828,15,15,0,52,34,1
830,9,4,0,53,34,1
832,4,7,0,53,34,1
838,1,17,0,52,34,1
840,3,19,0,48,34,1
843,5,20,0,52,34,1
844,15,8,0,53,34,1
845,3,18,0,52,34,1
1,131,2,0,62,70,2
4,1,13,0,70,70,1
8,6,3,0,71,70,1
20,6,6,0,71,70,1
154,210,5,0,70,70,1
815,10,16,0,70,70,1
817,9,7,0,53,70,2
825,210,8,0,70,70,1
828,15,20,0,70,70,1
830,9,4,1,71,70,1
832,4,9,0,70,70,2
838,1,15,0,65,70,2
839,10,11,0,70,70,1
840,3,14,0,69,70,2
842,5,12,0,70,70,1
844,15,18,0,70,70,1
845,3,17,0,69,70,2
1,131,1,0,52,9,1
4,1,13,0,52,9,2
8,6,3,0,52,9,2
20,6,2,1,52,9,2
154,210,8,0,37,9,1
807,4,11,0,52,9,1
815,10,12,0,52,9,2
817,9,6,0,52,9,2
822,131,4,0,52,9,1
825,210,7,0,52,9,1
828,15,15,0,31,9,1
830,9,5,0,46,9,2
832,4,16,0,37,9,2
838,1,17,0,52,9,2
839,10,10,0,52,9,1
840,3,19,0,52,9,1
842,5,14,0,52,9,2
844,15,9,0,18,9,1
845,3,18,0,52,9,1
1,131,14,1,67,10,1
4,1,11,0,65,10,3
8,6,3,0,67,10,2
20,6,1,0,51,10,1
154,210,6,0,67,10,3
807,4,7,0,67,10,3
815,10,10,0,67,10,1
822,131,2,0,67,10,2
825,210,5,0,67,10,3
828,15,13,0,67,10,1
830,9,4,0,67,10,3
832,4,8,0,67,10,3
838,1,19,0,67,10,2
839,10,15,0,67,10,1
840,3,18,0,53,10,2
842,5,16,0,66,10,2
843,5,17,0,67,10,2
844,15,9,0,66,10,3
845,3,12,0,51,10,2
1,131,1,1,70,11,1
4,1,11,0,69,11,1
8,6,3,0,70,11,2
20,6,4,0,70,11,1
154,210,10,0,69,11,1
807,4,13,0,69,11,2
815,10,19,0,69,11,1
817,9,12,0,70,11,1
822,131,2,0,70,11,1
825,210,9,0,69,11,1
828,15,14,0,68,11,1
832,4,5,0,69,11,1
838,1,16,0,49,11,1
839,10,18,0,69,11,1
840,3,15,0,68,11,1
842,5,6,0,70,11,1
843,5,8,0,69,11,1
845,3,20,0,68,11,1
1,131,1,0,44,13,2
8,6,6,0,8,13,2
20,6,2,1,44,13,2
154,210,5,0,44,13,2
815,10,4,0,44,13,2
822,131,19,0,44,13,3
825,210,9,0,44,13,2
828,15,13,0,43,13,2
830,9,7,0,44,13,2
832,4,14,0,43,13,2
838,1,18,0,43,13,3
839,10,3,0,44,13,2
840,3,17,0,43,13,2
842,5,10,0,44,13,2
843,5,11,0,43,13,2
845,3,16,0,43,13,2
1,131,3,1,53,14,1
8,6,1,0,53,14,1
20,6,2,0,53,14,2
154,210,6,0,53,14,1
807,4,20,0,52,14,2
815,10,14,0,53,14,1
817,9,19,0,23,14,1
822,131,4,0,53,14,1
825,210,11,0,52,14,1
828,15,18,0,52,14,2
830,9,5,0,53,14,1
832,4,7,0,53,14,1
838,1,17,0,52,14,1
839,10,8,0,53,14,1
840,3,10,0,52,14,1
842,5,9,0,52,14,1
844,15,15,0,52,14,1
845,3,12,0,52,14,1
1,131,1,1,61,15,1
4,1,11,0,61,15,1
8,6,5,0,61,15,1
20,6,3,0,61,15,1
154,210,8,0,60,15,1
807,4,10,0,60,15,1
815,10,7,0,60,15,3
817,9,6,0,61,15,1
822,131,4,0,61,15,1
825,210,16,0,59,15,3
828,15,14,0,60,15,1
830,9,2,0,61,15,1
832,4,12,0,60,15,1
838,1,18,0,60,15,1
840,3,20,0,60,15,1
842,5,15,0,60,15,1
843,5,17,0,60,15,2
844,15,13,0,60,15,1
845,3,19,0,59,15,2
1,131,2,1,53,71,1
4,1,16,0,52,71,1
8,6,4,0,53,71,1
20,6,3,0,53,71,1
154,210,9,0,52,71,1
807,4,12,0,52,71,1
815,10,8,0,52,71,1
817,9,18,0,53,71,1
822,131,1,0,53,71,1
825,210,5,0,52,71,1
828,15,10,0,52,71,2
830,9,19,0,53,71,1
832,4,11,0,51,71,1
838,1,15,0,51,71,1
839,10,6,0,52,71,1
840,3,14,0,52,71,1
843,5,20,0,4,71,1
844,15,7,0,53,71,1
845,3,13,0,51,71,1
1,131,1,1,53,22,1
4,1,18,0,52,22,1
8,6,4,0,53,22,1
20,6,8,0,53,22,1
154,210,5,0,53,22,1
807,4,16,0,37,22,1
815,10,9,0,53,22,1
817,9,15,0,53,22,1
822,131,2,0,53,22,1
825,210,12,0,8,22,1
828,15,20,0,52,22,1
830,9,3,0,53,22,1
832,4,13,0,52,22,1
838,1,19,0,52,22,1
839,10,11,0,53,22,1
840,3,14,0,52,22,2
842,5,7,0,52,22,1
843,5,6,0,52,22,1
844,15,10,0,38,22,2
845,3,17,0,52,22,2
1,131,1,0,56,69,2
8,6,2,1,56,69,1
20,6,5,0,56,69,1
154,210,8,0,2,69,1
807,4,7,0,56,69,1
815,10,10,0,56,69,1
822,131,3,0,56,69,1
825,210,12,0,56,69,1
828,15,16,0,55,69,1
830,9,18,0,56,69,1
832,4,11,0,56,69,1
838,1,17,0,55,69,2
839,10,6,0,56,69,1
840,3,15,0,54,69,3
842,5,19,0,55,69,2
843,5,20,0,55,69,1
844,15,9,0,31,69,1
845,3,14,0,55,69,2
1,131,3,0,71,32,2
8,6,6,0,71,32,1
20,6,4,0,71,32,2
154,210,18,0,68,32,2
807,4,7,0,69,32,1
815,10,13,0,38,32,1
817,9,1,0,61,32,1
822,131,5,0,70,32,3
825,210,16,0,69,32,1
828,15,10,0,69,32,1
830,9,2,1,71,32,2
832,4,8,0,28,32,1
838,1,15,0,69,32,1
839,10,11,0,69,32,2
840,3,17,0,69,32,2
842,5,20,0,69,32,2
843,5,14,0,69,32,2
844,15,9,0,69,32,1
845,3,19,0,69,32,1
1,131,1,1,71,18,1
4,1,17,0,69,18,2
8,6,4,0,71,18,1
20,6,2,0,71,18,2
154,210,8,0,71,18,1
815,10,12,0,70,18,1
817,9,11,0,71,18,1
822,131,3,0,71,18,2
825,210,10,0,71,18,1
828,15,6,0,20,18,1
830,9,5,0,71,18,1
832,4,15,0,70,18,2
838,1,20,0,70,18,1
839,10,18,0,70,18,2
840,3,19,0,69,18,2
842,5,9,0,70,18,1
843,5,16,0,70,18,1
844,15,7,0,71,18,1
845,3,14,0,69,18,1
1,131,1,1,55,24,1
4,1,15,0,54,24,1
20,6,3,0,55,24,1
154,210,7,0,54,24,1
815,10,14,0,55,24,1
817,9,5,0,55,24,1
822,131,2,0,55,24,2
825,210,13,0,54,24,1
830,9,6,0,55,24,1
832,4,11,0,55,24,1
838,1,18,0,54,24,1
839,10,9,0,44,24,1
840,3,20,0,54,24,1
842,5,17,0,46,24,1
843,5,16,0,54,24,1
844,15,8,0,55,24,1
845,3,19,0,54,24,1
1,131,1,0,58,1,1
8,51,9,0,57,1,1
9,3,20,0,55,1,3
20,6,3,0,58,1,1
154,210,6,0,29,1,1
807,4,11,0,57,1,1
815,211,10,0,57,1,1
817,4,12,0,28,1,1
822,131,2,1,58,1,1
825,210,7,0,58,1,1
826,5,15,0,57,1,1
830,9,4,0,58,1,1
840,211,16,0,57,1,1
841,51,14,0,57,1,1
842,9,17,0,57,1,1
844,6,5,0,58,1,1
846,1,8,0,57,1,1
847,3,19,0,56,1,2
848,5,13,0,57,1,1
1,131,3,1,57,3,2
8,51,8,0,57,3,2
9,3,20,0,55,3,2
20,6,2,0,57,3,3
154,210,11,0,16,3,1
807,4,17,0,53,3,2
815,211,14,0,57,3,2
817,4,10,0,53,3,1
822,131,4,0,57,3,2
825,210,6,0,56,3,2
826,5,15,0,56,3,2
830,9,5,0,57,3,2
832,1,7,0,53,3,3
840,211,18,0,56,3,2
841,51,16,0,57,3,2
842,9,13,0,57,3,2
844,6,1,0,57,3,2
846,1,9,0,57,3,2
847,3,19,0,56,3,2
848,5,12,0,57,3,2
1,131,2,1,56,17,2
8,51,13,0,55,17,1
9,3,18,0,54,17,1
20,6,3,0,56,17,2
154,210,10,0,55,17,2
807,4,8,0,16,17,1
815,211,12,0,55,17,1
817,4,7,0,55,17,1
822,131,1,0,56,17,2
825,210,9,0,55,17,2
826,5,11,0,41,17,3
830,9,5,0,56,17,2
832,1,14,0,55,17,2
840,211,16,0,55,17,2
841,51,19,0,55,17,2
842,9,6,0,56,17,3
844,6,4,0,56,17,2
846,1,15,0,50,17,3
847,3,17,0,54,17,2
848,5,0,0,55,17,1
1,131,2,0,51,73,1
8,51,0,0,50,73,1
9,3,0,0,49,73,3
20,6,3,0,51,73,1
154,210,14,0,38,73,1
807,4,15,0,50,73,2
815,211,5,0,51,73,1
817,4,10,0,31,73,1
822,131,1,1,51,73,1
825,210,12,0,50,73,2
826,5,6,0,33,73,1
830,9,4,0,51,73,1
832,1,9,0,51,73,1
840,211,13,0,51,73,1
841,51,17,0,50,73,1
844,6,8,0,51,73,2
846,1,7,0,51,73,2
847,3,16,0,49,73,2
848,5,11,0,50,73,1
1,131,2,1,66,4,2
8,51,14,0,66,4,2
9,3,17,0,65,4,2
20,6,3,0,66,4,2
154,210,7,0,66,4,2
807,4,0,0,66,4,1
815,211,15,0,66,4,2
817,4,13,0,66,4,2
822,131,1,0,66,4,2
825,210,8,0,66,4,2
826,5,9,0,66,4,2
830,9,4,0,66,4,2
832,1,12,0,66,4,2
840,211,16,0,44,4,1
841,51,18,0,66,4,2
842,9,6,0,66,4,2
844,6,5,0,66,4,2
846,1,10,0,44,4,1
847,3,19,0,65,4,2
848,5,11,0,66,4,2
1,131,1,1,78,6,1
8,51,14,0,77,6,1
9,3,20,0,77,6,1
20,6,4,0,78,6,1
154,210,13,0,78,6,1
807,4,11,0,77,6,1
815,211,16,0,77,6,1
817,4,6,0,78,6,1
822,131,2,0,78,6,2
825,210,5,0,77,6,1
826,5,7,0,78,6,1
830,9,3,0,78,6,1
832,1,9,0,78,6,1
840,211,17,0,77,6,1
841,51,18,0,76,6,1
842,9,8,0,78,6,2
844,6,15,0,16,6,2
846,1,12,0,78,6,1
847,3,19,0,77,6,1
848,5,10,0,78,6,1
1,131,2,1,70,7,1
8,51,16,0,69,7,2
9,3,19,0,67,7,2
20,6,1,0,70,7,1
154,210,14,0,69,7,1
807,4,7,0,69,7,1
815,211,15,0,69,7,1
817,4,4,0,69,7,1
822,131,6,0,70,7,2
825,210,0,0,68,7,1
826,5,10,0,69,7,1
830,9,9,0,70,7,1
832,1,11,0,69,7,1
840,211,17,0,69,7,1
841,51,12,0,69,7,1
842,9,5,0,69,7,1
844,6,3,0,70,7,1
847,3,18,0,68,7,1
848,5,13,0,59,7,1
1,131,1,1,53,34,1
8,51,12,0,52,34,1
9,3,18,0,51,34,1
20,6,7,0,53,34,2
154,210,16,0,44,34,1
807,4,13,0,52,34,1
815,211,14,0,52,34,1
817,4,8,0,52,34,1
822,131,2,0,53,34,1
825,210,15,0,52,34,1
826,5,19,0,52,34,1
830,9,4,0,53,34,1
832,1,6,0,53,34,1
840,211,17,0,52,34,1
841,51,10,0,52,34,2
842,9,9,0,52,34,1
844,6,3,0,53,34,1
846,1,5,0,52,34,1
847,3,20,0,51,34,2
848,5,11,0,52,34,1
1,131,4,0,71,70,1
8,51,6,0,70,70,1
9,3,17,0,68,70,1
20,6,9,0,71,70,2
154,210,11,0,70,70,1
807,4,15,0,70,70,1
815,211,13,0,70,70,1
817,4,12,0,70,70,1
822,131,3,0,71,70,1
825,210,10,0,69,70,3
826,5,16,0,70,70,1
830,9,2,1,71,70,1
832,1,19,0,70,70,1
840,211,14,0,70,70,1
841,51,7,0,70,70,1
842,9,8,0,70,70,1
844,6,1,0,71,70,1
846,1,5,0,70,70,1
847,3,0,0,69,70,1
848,5,18,0,70,70,1
1,131,2,1,52,9,1
8,51,12,0,52,9,1
9,3,20,0,51,9,1
20,6,6,0,51,9,2
154,210,14,0,9,9,1
807,4,10,0,52,9,1
815,211,15,0,51,9,3
817,4,7,0,52,9,2
822,131,1,0,52,9,2
825,210,16,0,6,9,1
826,5,17,0,52,9,2
830,9,4,0,52,9,2
832,1,13,0,52,9,1
840,211,18,0,52,9,2
842,9,5,0,52,9,1
844,6,3,0,52,9,2
846,1,8,0,52,9,2
847,3,19,0,51,9,1
848,5,9,0,52,9,1
1,131,1,0,64,10,6
8,51,5,0,64,10,4
9,3,18,0,64,10,5
20,6,20,0,64,10,5
154,210,6,0,64,10,5
807,4,9,0,39,10,3
817,4,13,0,13,10,1
822,131,3,0,56,10,4
825,210,12,0,64,10,6
826,5,14,0,64,10,4
830,9,2,1,64,10,5
832,1,7,0,64,10,3
840,211,15,0,64,10,5
841,51,11,0,64,10,4
842,9,4,0,61,10,4
844,6,10,0,27,10,3
846,1,19,0,25,10,2
847,3,17,0,64,10,5
848,5,16,0,64,10,4
1,131,3,1,70,11,2
8,51,10,0,69,11,1
9,3,19,0,67,11,1
20,6,5,0,70,11,1
154,210,9,0,49,11,1
807,4,11,0,69,11,1
815,211,16,0,69,11,1
817,4,20,0,69,11,1
822,131,2,0,69,11,2
825,210,14,0,69,11,1
826,5,13,0,68,11,1
830,9,1,0,70,11,2
832,1,8,0,69,11,1
840,211,18,0,68,11,2
841,51,17,0,68,11,1
842,9,6,0,69,11,1
844,6,4,0,70,11,1
846,1,7,0,69,11,1
847,3,15,0,68,11,1
848,5,12,0,69,11,1
1,131,3,0,44,13,1
8,51,6,0,43,13,3
9,3,0,0,43,13,1
20,6,2,0,44,13,2
154,210,9,0,43,13,1
807,4,12,0,44,13,2
815,211,7,0,44,13,1
817,4,10,0,43,13,1
822,131,4,0,44,13,1
825,210,8,0,43,13,1
826,5,19,0,44,13,1
832,1,15,0,1,13,1
840,211,16,0,44,13,2
841,51,18,0,42,13,1
842,5,13,0,44,13,1
844,6,1,1,44,13,1
846,1,11,0,43,13,1
847,3,14,0,43,13,1
848,9,17,0,44,13,1
1,131,2,0,53,14,2
8,51,0,0,52,14,2
9,3,15,0,51,14,2
20,6,4,0,52,14,3
154,210,13,0,52,14,2
807,4,6,0,53,14,1
815,211,18,0,53,14,1
817,4,5,0,53,14,1
822,131,3,0,53,14,1
825,210,11,0,43,14,2
826,5,12,0,29,14,1
830,9,19,0,53,14,2
832,1,7,0,27,14,1
840,211,9,0,52,14,2
841,51,10,0,52,14,1
842,5,17,0,52,14,1
844,6,1,1,53,14,1
846,1,16,0,52,14,1
847,3,14,0,52,14,1
848,9,8,0,53,14,1
1,131,2,0,61,15,1
8,51,12,0,49,15,1
9,3,19,0,61,15,2
20,6,3,1,61,15,1
154,210,17,0,61,15,2
807,4,8,0,61,15,2
815,211,15,0,42,15,1
817,4,20,0,61,15,1
822,131,5,0,61,15,1
825,210,13,0,61,15,2
826,5,14,0,61,15,2
830,9,4,0,61,15,1
832,1,7,0,61,15,2
840,211,16,0,61,15,3
841,51,10,0,61,15,2
842,5,11,0,61,15,1
844,6,1,0,61,15,1
846,1,9,0,61,15,1
847,3,18,0,34,15,1
848,9,6,0,61,15,1
1,131,2,1,53,71,1
8,51,15,0,53,71,2
9,3,18,0,28,71,2
20,6,3,0,26,71,1
807,4,6,0,53,71,2
815,211,11,0,53,71,1
817,4,10,0,24,71,1
822,131,4,0,53,71,1
825,210,13,0,53,71,1
826,5,19,0,53,71,2
830,9,9,0,53,71,1
832,1,5,0,53,71,1
840,211,14,0,53,71,1
841,51,12,0,53,71,2
842,5,16,0,53,71,1
844,6,1,0,53,71,2
846,1,7,0,53,71,1
847,3,17,0,27,71,1
848,9,0,0,53,71,1
1,131,4,0,52,22,2
8,51,13,0,51,22,2
9,3,0,0,50,22,2
20,6,1,0,52,22,2
154,210,10,0,51,22,1
807,4,15,0,51,22,1
815,211,17,0,51,22,2
817,4,16,0,51,22,1
822,131,3,1,52,22,2
825,210,19,0,51,22,2
826,5,14,0,51,22,1
832,1,7,0,52,22,1
840,211,12,0,51,22,1
841,51,11,0,51,22,2
842,5,9,0,51,22,1
844,6,2,0,51,22,3
846,1,8,0,51,22,2
847,3,18,0,50,22,1
848,9,6,0,52,22,2
1,131,3,1,71,32,1
8,51,14,0,58,32,2
9,3,20,0,69,32,2
20,6,2,0,71,32,1
154,210,18,0,69,32,1
807,4,12,0,70,32,1
815,211,11,0,71,32,1
817,4,13,0,71,32,1
822,131,6,0,71,32,1
825,210,17,0,69,32,1
826,5,9,0,70,32,2
830,9,4,0,71,32,1
832,1,7,0,70,32,2
840,211,16,0,70,32,1
841,51,15,0,70,32,1
842,5,10,0,70,32,2
844,6,1,0,71,32,2
847,3,19,0,69,32,1
848,9,5,0,71,32,2
1,131,5,0,56,69,1
8,51,17,0,55,69,2
9,3,19,0,31,69,1
154,210,15,0,55,69,1
807,4,11,0,55,69,2
815,211,0,0,55,69,1
817,4,9,0,56,69,1
822,131,1,1,56,69,2
825,210,12,0,52,69,2
826,5,13,0,55,69,2
830,9,3,0,56,69,2
832,1,7,0,55,69,1
840,211,14,0,55,69,2
841,51,16,0,55,69,2
842,5,10,0,54,69,2
844,6,4,0,56,69,2
846,1,8,0,56,69,2
847,3,18,0,54,69,2
848,9,6,0,56,69,3
1,131,3,0,71,18,3
8,51,8,0,71,18,2
9,3,19,0,70,18,4
20,6,2,0,65,18,2
154,210,7,0,71,18,2
807,4,13,0,71,18,3
815,211,15,0,71,18,2
817,4,11,0,71,18,2
822,131,4,0,51,18,2
825,210,9,0,71,18,2
826,5,16,0,71,18,2
830,9,1,1,71,18,3
832,1,20,0,71,18,1
840,211,17,0,65,18,2
841,51,12,0,71,18,2
842,5,6,0,71,18,2
844,6,14,0,65,18,2
846,1,10,0,71,18,2
847,3,18,0,71,18,3
848,9,5,0,71,18,2
1,131,1,1,55,24,1
8,51,17,0,54,24,1
9,3,19,0,53,24,1
20,6,4,0,55,24,2
154,210,15,0,54,24,1
807,4,9,0,54,24,1
815,211,10,0,54,24,1
817,4,7,0,54,24,2
822,131,20,0,55,24,1
825,210,14,0,54,24,1
826,5,13,0,54,24,1
830,9,2,0,55,24,1
832,1,8,0,54,24,2
840,211,12,0,45,24,2
841,51,16,0,54,24,2
844,6,3,0,55,24,2
846,1,6,0,54,24,1
847,3,18,0,54,24,1
848,9,5,0,55,24,1
1,131,5,0,71,70,2
8,51,19,0,53,70,2
20,6,11,0,71,70,3
154,210,15,0,49,70,1
815,211,6,0,71,70,2
822,131,1,1,71,70,2
826,213,13,0,69,70,3
832,1,8,0,71,70,3
839,4,14,0,71,70,2
841,51,18,0,71,70,3
842,213,12,0,71,70,2
844,6,7,0,71,70,3
846,1,3,0,71,70,3
847,3,17,0,49,70,1
848,9,4,0,67,70,3
849,3,20,0,71,70,3
1,131,1,1,71,70,1
8,51,16,0,70,70,1
154,210,0,0,70,70,1
815,211,17,0,71,70,1
817,4,8,0,71,70,1
822,131,4,0,71,70,1
825,210,15,0,70,70,1
826,213,13,0,70,70,1
830,9,2,0,71,70,2
832,1,3,0,70,70,2
840,211,12,0,71,70,1
841,51,19,0,70,70,1
842,213,7,0,70,70,2
844,6,14,0,4,70,1
846,1,9,0,71,70,1
847,3,11,0,69,70,1
848,9,6,0,71,70,1
849,3,18,0,69,70,1
1,131,1,1,70,11,3
8,51,20,0,69,11,2
20,6,5,0,69,11,2
154,210,0,0,69,11,1
815,211,4,0,69,11,2
817,4,11,0,69,11,2
822,131,2,0,70,11,3
825,210,0,0,69,11,1
826,213,17,0,69,11,2
830,9,7,0,70,11,2
832,1,9,0,69,11,2
839,4,14,0,69,11,2
840,211,3,0,70,11,3
841,51,19,0,69,11,3
842,213,10,0,15,11,1
844,6,6,0,69,11,2
846,1,8,0,69,11,2
847,3,12,0,69,11,3
848,9,13,0,70,11,2
849,3,15,0,65,11,5
1,131,1,1,52,9,1
8,51,16,0,51,9,2
20,6,10,0,52,9,1
154,210,17,0,52,9,1
817,4,8,0,52,9,1
822,131,2,0,52,9,2
830,9,3,0,52,9,2
832,1,7,0,52,9,2
839,4,9,0,52,9,1
840,211,6,0,52,9,1
841,51,15,0,52,9,1
842,213,11,0,52,9,1
844,6,4,0,52,9,1
846,1,5,0,52,9,1
847,3,20,0,52,9,1
848,9,12,0,52,9,2
849,3,18,0,52,9,1
1,131,2,0,52,9,2
8,51,20,0,51,9,1
20,6,11,0,52,9,2
154,210,13,0,51,9,2
807,211,3,0,52,9,3
817,4,5,0,51,9,3
822,131,1,0,52,9,2
825,210,17,0,43,9,2
826,213,16,0,52,9,2
830,9,4,1,52,9,2
832,1,12,0,52,9,2
839,4,14,0,52,9,1
840,211,6,0,52,9,2
841,51,19,0,51,9,2
842,213,7,0,52,9,2
844,6,8,0,52,9,1
846,1,10,0,52,9,2
847,3,15,0,51,9,3
848,9,9,0,52,9,2
849,3,18,0,51,9,3
1,131,1,1,66,4,2
8,51,14,0,65,4,2
20,6,11,0,65,4,1
154,210,17,0,64,4,2
815,211,4,0,65,4,1
817,4,13,0,65,4,1
822,131,2,0,66,4,3
825,210,16,0,65,4,1
826,213,12,0,65,4,2
830,9,3,0,66,4,2
832,1,7,0,65,4,2
839,4,15,0,65,4,1
840,211,5,0,65,4,2
841,51,20,0,65,4,2
842,213,10,0,65,4,2
844,6,9,0,38,4,1
846,1,8,0,65,4,2
847,3,18,0,65,4,2
848,9,6,0,65,4,2
849,3,19,0,64,4,2
1,131,1,1,44,13,1
8,51,16,0,44,13,1
20,6,14,0,44,13,1
154,210,17,0,44,13,1
815,211,8,0,44,13,1
817,4,4,0,44,13,1
822,131,2,0,44,13,1
825,210,20,0,44,13,2
826,213,11,0,44,13,1
830,9,3,0,44,13,1
839,4,6,0,44,13,1
840,211,9,0,44,13,1
842,213,12,0,44,13,1
844,6,13,0,44,13,2
846,1,10,0,44,13,1
848,9,5,0,44,13,1
849,3,19,0,44,13,2
1,131,1,0,53,14,3
8,51,14,0,53,14,2
154,210,16,0,53,14,2
815,211,4,0,53,14,2
817,4,7,0,53,14,2
822,131,2,0,53,14,2
825,210,15,0,17,14,1
826,213,11,0,53,14,2
830,9,5,0,30,14,2
832,1,3,0,53,14,2
839,4,12,0,53,14,2
840,211,8,0,53,14,1
841,51,18,0,53,14,3
842,213,10,1,53,14,2
844,6,13,0,23,14,1
846,1,6,0,53,14,2
847,3,19,0,53,14,2
848,9,9,0,53,14,2
849,3,20,0,53,14,2
1,131,1,1,59,76,5
8,51,13,0,59,76,6
20,6,14,0,59,76,6
154,210,15,0,59,76,5
815,211,7,0,59,76,5
817,4,8,0,59,76,5
822,131,2,0,59,76,5
826,213,12,0,59,76,5
839,4,10,0,7,76,1
840,211,6,0,42,76,3
844,6,5,0,59,76,5
846,1,11,0,59,76,5
847,3,18,0,59,76,5
848,9,4,0,59,76,5
1,131,1,0,53,71,1
8,51,19,0,52,71,1
20,6,14,0,52,71,1
154,210,16,0,52,71,2
815,211,4,0,53,71,1
817,4,5,0,53,71,1
822,131,3,1,53,71,1
825,210,18,0,52,71,1
826,213,11,0,53,71,1
830,9,2,0,53,71,1
839,4,7,0,53,71,1
841,51,17,0,52,71,1
842,213,9,0,53,71,2
844,6,10,0,53,71,1
846,1,8,0,52,71,2
847,3,13,0,52,71,3
848,9,15,0,53,71,2
849,3,20,0,52,71,1
1,131,2,1,60,20,2
8,51,19,0,60,20,2
20,6,11,0,60,20,2
154,210,16,0,60,20,1
807,211,20,0,60,20,2
815,211,9,0,60,20,2
817,4,6,0,60,20,2
822,131,1,0,18,20,1
825,210,15,0,60,20,2
826,213,13,0,60,20,2
830,9,3,0,60,20,2
832,1,10,0,60,20,2
841,51,14,0,60,20,2
842,213,12,0,60,20,2
844,6,4,0,60,20,2
846,1,8,0,42,20,1
847,3,17,0,12,20,1
848,9,5,0,23,20,1
849,3,18,0,60,20,2
1,131,1,1,66,75,1
8,51,16,0,65,75,1
20,6,15,0,65,75,1
154,210,18,0,65,75,1
815,211,5,0,65,75,2
817,4,10,0,65,75,1
822,131,2,0,66,75,1
825,210,19,0,65,75,1
826,213,13,0,64,75,2
830,9,3,0,66,75,1
832,1,7,0,65,75,1
839,4,11,0,65,75,1
840,211,12,0,51,75,2
841,51,17,0,65,75,1
842,213,9,0,65,75,1
844,6,4,0,66,75,1
846,1,8,0,65,75,2
847,3,14,0,65,75,1
848,9,6,0,65,75,2
849,3,20,0,64,75,1
1,131,2,1,63,21,2
8,51,18,0,63,21,1
20,6,14,0,63,21,2
154,210,16,0,63,21,2
815,211,11,0,63,21,2
817,4,5,0,63,21,1
822,131,1,0,63,21,2
825,210,17,0,47,21,1
826,213,8,0,63,21,2
830,9,3,0,50,21,1
832,1,10,0,63,21,2
839,4,12,0,27,21,1
840,211,15,0,63,21,3
841,51,20,0,63,21,1
844,6,7,0,63,21,1
846,1,9,0,63,21,2
847,3,13,0,51,21,1
848,9,6,0,63,21,2
849,3,19,0,63,21,1
1,131,6,1,58,5,1
8,51,8,0,57,5,3
20,6,11,0,58,5,2
154,210,17,0,49,5,2
815,211,3,0,58,5,1
817,4,5,0,58,5,2
822,131,9,0,57,5,2
825,210,13,0,55,5,2
826,213,16,0,57,5,1
830,9,2,0,58,5,3
832,1,15,0,58,5,2
839,4,7,0,57,5,2
840,211,1,0,58,5,2
841,51,10,0,11,5,1
842,213,19,0,57,5,2
844,6,12,0,58,5,2
846,1,14,0,58,5,2
847,3,0,0,57,5,2
848,9,4,0,58,5,2
849,3,0,0,39,5,2
1,131,1,1,57,3,3
8,51,17,0,56,3,3
20,6,11,0,56,3,3
815,211,5,0,53,3,3
817,4,6,0,57,3,3
822,131,2,0,57,3,4
825,210,18,0,56,3,4
826,213,10,0,56,3,3
830,9,3,0,57,3,4
832,1,15,0,57,3,3
839,4,7,0,57,3,3
840,211,13,0,2,3,1
841,51,16,0,56,3,3
842,213,8,0,57,3,2
844,6,12,0,56,3,3
846,1,9,0,57,3,3
847,3,14,0,56,3,3
848,9,4,0,57,3,3
849,3,20,0,56,3,3
8,51,18,0,87,3,3
20,6,13,0,87,3,3
815,211,5,1,87,3,2
817,4,7,0,87,3,2
822,131,1,0,87,3,2
825,210,15,0,87,3,2
826,213,6,0,87,3,2
832,1,8,0,87,3,2
839,4,11,0,87,3,1
840,211,10,0,87,3,1
841,51,14,0,87,3,2
842,213,9,0,87,3,2
846,1,19,0,87,3,2
847,131,2,0,87,3,4
848,9,12,0,87,3,2
849,3,16,0,52,3,1
850,210,20,0,87,3,3
851,3,17,0,87,3,3
1,131,3,0,55,24,1
8,51,15,0,54,24,1
20,6,13,0,54,24,1
817,4,11,0,55,24,1
822,131,2,0,55,24,1
825,210,20,0,54,24,2
826,213,7,0,54,24,1
830,9,1,1,55,24,1
832,1,6,0,55,24,1
839,4,10,0,55,24,1
840,211,8,0,55,24,1
841,51,14,0,54,24,1
842,213,9,0,55,24,1
844,6,12,0,54,24,1
846,1,4,0,55,24,1
847,3,16,0,54,24,1
848,9,5,0,55,24,1
849,3,18,0,54,24,2
850,210,17,0,53,24,3
1,131,1,1,57,78,2
4,214,3,0,57,78,1
8,51,16,0,56,78,2
20,117,10,0,56,78,1
815,9,11,0,57,78,2
817,1,14,0,56,78,1
822,131,6,0,48,78,1
830,9,7,0,57,78,3
832,6,5,0,57,78,1
839,214,9,0,57,78,1
840,117,12,0,57,78,1
841,51,18,0,56,78,2
842,213,2,0,56,78,2
844,6,13,0,57,78,1
846,1,4,0,56,78,2
847,3,15,0,55,78,2
849,3,17,0,50,78,1
852,213,8,0,56,78,2
853,210,20,0,55,78,1
854,210,19,0,56,78,1
1,131,2,1,56,3,2
4,214,9,0,32,3,2
8,51,14,0,56,3,2
20,117,20,0,55,3,1
815,9,0,0,56,3,3
817,1,6,0,56,3,2
822,131,3,0,56,3,3
830,9,1,0,56,3,2
832,6,8,0,56,3,2
839,214,16,0,55,3,2
840,117,10,0,56,3,2
841,51,12,0,55,3,2
842,213,5,0,52,3,3
844,6,4,0,56,3,2
846,1,7,0,56,3,2
847,3,15,0,55,3,2
849,3,17,0,51,3,2
852,213,13,0,56,3,2
854,210,18,0,55,3,2
1,131,1,0,63,21,4
4,214,15,0,63,21,3
8,51,16,0,63,21,3
20,117,0,0,61,21,5
815,9,2,0,63,21,2
817,1,6,0,63,21,2
822,131,8,0,30,21,1
830,9,3,1,63,21,2
832,6,11,0,63,21,2
839,214,9,0,63,21,5
840,117,10,0,63,21,3
841,51,17,0,62,21,4
842,213,5,0,63,21,4
844,6,4,0,63,21,2
846,1,7,0,63,21,2
847,3,12,0,30,21,1
852,213,20,0,63,21,3
853,210,19,0,61,21,4
854,210,18,0,61,21,4
1,131,2,1,66,75,3
4,214,13,0,66,75,3
20,117,10,0,65,75,3
815,9,4,0,66,75,3
817,1,16,0,66,75,3
822,131,1,0,66,75,4
830,9,3,0,66,75,4
832,6,5,0,66,75,3
839,214,6,0,66,75,3
840,117,17,0,65,75,3
841,51,12,0,65,75,3
842,213,9,0,66,75,3
844,6,8,0,66,75,3
846,1,7,0,66,75,3
847,3,11,0,65,75,3
849,3,18,0,64,75,3
852,213,14,0,65,75,3
853,210,20,0,64,75,4
854,210,19,0,64,75,3
1,131,1,1,66,4,2
4,214,10,0,65,4,2
8,51,17,0,65,4,1
20,117,13,0,65,4,2
815,9,8,0,66,4,2
817,1,7,0,66,4,2
822,131,3,0,66,4,2
830,9,2,0,66,4,2
832,6,6,0,66,4,2
839,214,5,0,65,4,1
840,117,11,0,65,4,2
841,51,14,0,65,4,2
842,213,12,0,65,4,2
844,6,4,0,66,4,2
846,1,9,0,65,4,2
847,3,15,0,65,4,2
849,3,19,0,65,4,3
853,210,20,0,64,4,2
854,210,18,0,64,4,2
1,131,7,0,78,6,2
4,214,17,0,77,6,1
8,51,14,0,77,6,1
20,117,8,0,78,6,1
815,9,9,0,78,6,1
817,1,12,0,77,6,1
830,9,2,1,78,6,1
832,6,4,0,78,6,1
839,214,11,0,77,6,1
840,117,13,0,77,6,1
841,51,10,0,77,6,1
842,213,6,0,78,6,1
846,1,5,0,78,6,1
847,3,15,0,77,6,1
849,3,18,0,77,6,1
852,213,16,0,77,6,1
853,210,19,0,75,6,1
854,210,20,0,75,6,1
1,131,2,0,51,73,3
4,214,8,0,51,73,4
8,51,14,0,51,73,3
20,117,11,0,51,73,3
815,9,6,1,51,73,3
817,1,13,0,51,73,3
822,131,10,0,51,73,3
830,9,3,0,45,73,1
832,6,5,0,51,73,3
841,51,20,0,51,73,4
842,213,4,0,51,73,3
844,6,1,0,51,73,3
846,1,9,0,51,73,3
847,3,15,0,48,73,4
849,3,16,0,51,73,2
852,213,7,0,51,73,3
853,210,18,0,51,73,6
854,210,17,0,51,73,5
1,131,2,0,71,70,2
4,214,8,0,70,70,1
8,51,18,0,70,70,1
20,117,14,0,70,70,1
815,9,4,0,71,70,2
817,1,13,0,70,70,1
822,131,5,0,71,70,1
830,9,1,1,71,70,1
832,6,12,0,70,70,1
839,214,17,0,70,70,1
840,117,9,0,70,70,1
841,51,15,0,70,70,1
844,6,7,0,70,70,2
846,1,3,0,70,70,1
847,3,10,0,36,70,2
849,3,16,0,68,70,2
852,213,11,0,70,70,1
853,210,20,0,68,70,1
854,210,19,0,69,70,1
1,131,2,0,53,34,1
4,214,9,0,53,34,1
8,51,17,0,52,34,1
20,117,12,0,53,34,1
815,9,4,0,53,34,1
817,1,10,0,53,34,1
822,131,3,0,53,34,1
830,9,1,1,53,34,2
832,6,5,0,53,34,1
839,214,11,0,52,34,1
840,117,19,0,53,34,1
841,51,13,0,52,34,1
842,213,6,0,53,34,1
844,6,7,0,52,34,2
846,1,8,0,53,34,1
847,3,14,0,52,34,1
849,3,16,0,52,34,1
852,213,0,0,52,34,1
853,210,18,0,52,34,1
854,210,15,0,52,34,1
1,131,4,0,71,70,2
4,214,14,0,70,70,1
8,51,16,0,70,70,1
20,117,11,0,69,70,2
815,9,3,0,71,70,1
817,1,13,0,71,70,1
822,131,5,0,71,70,1
830,9,1,1,71,70,2
832,6,10,0,71,70,1
840,117,9,0,70,70,2
841,51,15,0,70,70,2
842,213,6,0,71,70,2
844,6,12,0,71,70,1
846,1,2,0,71,70,1
847,3,8,0,70,70,1
849,3,18,0,70,70,1
852,213,7,0,70,70,2
853,210,20,0,69,70,2
854,210,19,0,69,70,1
1,131,2,1,52,9,2
4,214,7,0,52,9,2
8,51,13,0,51,9,2
20,117,8,0,40,9,2
815,9,0,0,51,9,4
817,1,6,0,52,9,2
822,131,3,0,52,9,2
832,6,10,0,52,9,2
839,214,9,0,52,9,2
840,117,14,0,52,9,2
841,51,15,0,51,9,2
842,213,11,0,52,9,3
844,6,4,0,52,9,2
846,1,5,0,52,9,2
847,3,12,0,51,9,2
849,3,17,0,51,9,2
852,213,16,0,52,9,2
853,210,19,0,51,9,2
854,210,18,0,51,9,2
1,131,1,0,70,11,4
4,214,9,0,70,11,3
8,51,13,0,69,11,4
20,117,10,0,70,11,3
817,1,11,0,69,11,3
830,9,3,0,70,11,5
832,6,15,0,70,11,3
839,214,8,1,70,11,3
841,51,0,0,69,11,5
842,213,5,0,70,11,4
846,1,6,0,2,11,1
847,3,17,0,70,11,3
849,3,18,0,70,11,3
852,213,16,0,70,11,3
853,210,19,0,3,11,2
854,210,20,0,69,11,3
1,131,2,0,72,39,3
4,214,9,0,71,39,1
9,51,16,0,70,39,1
20,117,15,0,70,39,2
815,9,0,0,71,39,2
817,1,10,0,71,39,1
822,131,3,0,72,39,2
830,9,1,1,72,39,2
832,6,6,0,71,39,1
839,214,8,0,71,39,1
840,117,12,0,70,39,1
841,51,7,0,70,39,2
842,213,4,0,71,39,1
844,6,5,0,71,39,1
846,1,13,0,71,39,1
847,3,11,0,69,39,2
849,3,0,0,70,39,1
852,213,14,0,48,39,1
853,210,18,0,41,39,1
854,210,17,0,69,39,2
1,131,4,0,25,14,1
4,214,10,0,53,14,1
9,51,17,0,53,14,1
20,117,11,0,53,14,2
815,9,8,0,53,14,1
817,1,2,1,53,14,1
822,131,19,0,53,14,1
830,9,1,0,25,14,1
832,6,6,0,53,14,1
839,214,12,0,53,14,1
840,117,9,0,53,14,1
841,51,7,0,53,14,2
844,6,5,0,53,14,1
846,1,3,0,53,14,1
847,3,14,0,53,14,1
849,3,13,0,53,14,1
853,210,16,0,41,14,3
854,210,18,0,53,14,1
1,131,4,1,53,71,2
4,214,6,0,53,71,2
8,51,13,0,53,71,2
20,117,10,0,52,71,2
815,9,8,0,53,71,2
817,1,5,0,53,71,2
822,131,16,0,53,71,2
830,9,20,0,53,71,2
832,6,2,0,53,71,2
839,214,9,0,52,71,2
840,117,7,0,53,71,2
841,51,17,0,52,71,2
842,213,11,0,52,71,2
844,6,19,0,52,71,2
846,1,1,0,53,71,2
847,3,3,0,53,71,2
849,3,18,0,47,71,1
852,213,12,0,52,71,3
853,210,15,0,51,71,2
854,210,14,0,32,71,1
1,131,11,0,58,5,1
4,214,5,0,57,5,1
8,51,17,0,57,5,1
20,117,10,0,57,5,2
815,9,6,0,58,5,1
817,1,20,0,57,5,1
822,131,1,1,58,5,1
830,9,2,0,58,5,1
832,6,19,0,58,5,1
840,117,8,0,58,5,1
841,51,16,0,57,5,1
842,213,4,0,58,5,1
844,6,3,0,58,5,1
846,1,7,0,58,5,1
847,3,13,0,57,5,1
849,3,15,0,57,5,1
852,213,9,0,57,5,1
853,210,18,0,56,5,1
854,210,14,0,56,5,1
1,131,2,0,56,69,2
4,214,19,0,49,69,3
8,51,15,0,55,69,2
20,117,18,0,55,69,2
815,9,3,0,56,69,2
817,1,6,0,56,69,2
822,131,9,0,56,69,2
830,9,1,1,56,69,2
832,6,5,0,56,69,2
839,214,11,0,40,69,2
840,117,13,0,55,69,2
841,51,12,0,55,69,2
842,213,8,0,14,69,1
844,6,4,0,56,69,2
846,1,7,0,56,69,2
847,3,20,0,55,69,2
849,3,14,0,55,69,2
852,213,10,0,55,69,2
853,210,17,0,54,69,3
854,210,16,0,54,69,2
1,131,2,0,71,32,1
4,214,12,0,70,32,1
8,51,10,0,70,32,1
20,117,9,0,70,32,1
815,9,4,0,71,32,1
817,1,7,0,70,32,2
822,131,1,0,69,32,4
830,9,3,1,71,32,1
832,6,6,0,70,32,1
839,214,19,0,70,32,1
840,117,20,0,69,32,2
841,51,11,0,70,32,1
842,213,5,0,71,32,1
844,6,8,0,71,32,1
846,1,18,0,70,32,1
847,3,16,0,69,32,1
849,3,13,0,69,32,2
853,210,15,0,68,32,2
1,131,10,1,71,18,4
4,214,12,0,70,18,3
8,51,0,0,70,18,4
20,117,9,0,70,18,4
815,9,4,0,71,18,5
817,1,11,0,49,18,3
822,131,1,0,71,18,4
830,9,2,0,71,18,4
832,6,3,0,71,18,4
839,214,8,0,70,18,3
840,117,14,0,47,18,3
841,51,13,0,70,18,4
842,213,7,0,70,18,4
844,6,6,0,71,18,4
846,1,5,0,70,18,5
847,3,17,0,70,18,4
849,3,16,0,70,18,4
852,213,15,0,70,18,5
853,210,19,0,69,18,3
854,210,18,0,69,18,5
1,131,1,1,50,77,3
4,214,13,0,49,77,4
8,51,12,0,49,77,3
20,117,17,0,44,77,2
815,9,5,0,14,77,2
817,1,11,0,50,77,2
822,131,2,0,50,77,3
830,9,3,0,50,77,2
832,6,15,0,50,77,2
839,214,9,0,50,77,2
840,117,18,0,50,77,3
841,51,10,0,50,77,2
842,213,6,0,50,77,2
844,6,4,0,50,77,3
846,1,7,0,50,77,3
847,3,14,0,14,77,2
849,3,16,0,50,77,3
852,213,8,0,49,77,3
853,210,20,0,14,77,1
1,131,2,0,58,24,1
4,214,11,0,58,24,1
8,51,18,0,25,24,1
20,117,15,0,58,24,1
815,9,4,0,55,24,3
817,1,10,0,57,24,2
822,131,6,0,58,24,1
830,9,1,1,58,24,3
832,6,5,0,58,24,1
839,214,9,0,58,24,1
840,117,13,0,57,24,2
841,51,14,0,33,24,1
842,213,12,0,58,24,2
844,6,7,0,58,24,2
846,1,3,0,58,24,2
849,3,16,0,50,24,1
852,213,8,0,58,24,2
854,210,19,0,57,24,2
1,131,5,0,57,3,3
4,214,8,0,57,3,3
807,117,17,0,57,3,3
815,9,4,0,56,3,3
817,1,18,0,57,3,3
822,51,6,0,57,3,3
825,210,7,0,57,3,3
830,9,2,0,54,3,3
832,6,3,0,57,3,3
839,214,11,0,57,3,3
840,117,19,0,57,3,3
842,213,10,0,44,3,2
844,6,1,1,57,3,3
846,1,13,0,57,3,3
847,131,9,0,57,3,3
848,3,14,0,57,3,3
849,3,20,0,57,3,3
852,213,16,0,57,3,3
854,210,12,0,57,3,2
855,51,15,0,57,3,3
1,131,15,0,50,77,1
4,214,7,0,35,77,1
807,117,17,0,50,77,1
815,9,1,0,50,77,1
817,1,14,0,35,77,1
822,51,8,0,36,77,2
825,210,10,0,50,77,1
830,9,4,1,50,77,1
832,6,3,0,50,77,1
839,214,5,0,50,77,1
840,117,13,0,49,77,1
842,213,9,0,50,77,1
844,6,2,0,50,77,1
846,1,11,0,50,77,1
847,131,6,0,50,77,1
848,3,16,0,47,77,1
855,51,12,0,50,77,2
1,131,5,0,58,1,1
4,214,10,0,57,1,2
815,9,3,0,58,1,1
817,1,7,0,58,1,1
822,51,12,0,58,1,1
825,210,16,0,57,1,1
830,9,2,0,38,1,1
839,214,8,0,58,1,1
840,117,19,0,58,1,3
842,213,11,0,58,1,1
844,6,1,1,58,1,1
846,1,4,0,58,1,1
847,131,6,0,58,1,1
848,3,20,0,58,1,1
849,3,18,0,57,1,2
852,213,13,0,57,1,1
854,210,15,0,57,1,1
855,51,14,0,58,1,1
1,131,14,0,62,21,1
20,117,13,0,63,21,1
815,9,3,0,63,21,2
817,1,6,0,62,21,3
822,51,7,0,63,21,1
825,210,8,0,63,21,1
830,9,1,1,63,21,2
839,214,16,0,62,21,1
840,117,15,0,62,21,1
842,213,17,0,62,21,1
844,6,2,0,63,21,3
846,1,5,0,63,21,1
847,131,11,0,63,21,1
848,3,18,0,62,21,1
849,3,19,0,62,21,1
852,213,12,0,63,21,1
854,210,10,0,62,21,2
855,51,0,0,62,21,1
1,131,6,0,57,79,1
4,214,11,0,57,79,1
20,117,0,0,54,79,1
815,9,4,0,57,79,2
817,1,14,0,57,79,2
822,51,5,0,57,79,1
825,210,16,0,56,79,2
830,9,3,1,57,79,1
832,6,2,0,57,79,1
839,214,20,0,57,79,1
840,117,0,0,57,79,1
842,213,7,0,45,79,2
844,6,1,0,57,79,1
846,1,8,0,39,79,1
847,131,12,0,57,79,1
848,3,18,0,57,79,1
849,3,19,0,57,79,1
852,213,9,0,57,79,2
854,210,15,0,57,79,2
1,131,6,0,66,4,3
4,214,20,0,65,4,3
20,117,16,0,65,4,2
815,9,5,0,66,4,3
817,1,9,0,65,4,3
822,51,7,0,66,4,2
825,210,8,0,64,4,2
830,9,2,1,66,4,3
832,6,3,0,66,4,3
839,214,12,0,66,4,3
840,117,17,0,65,4,3
842,213,14,0,65,4,3
844,6,1,0,27,4,1
846,1,11,0,66,4,3
847,131,4,0,66,4,3
848,3,18,0,64,4,4
849,3,19,0,64,4,3
852,213,13,0,65,4,3
854,210,10,0,65,4,2
855,51,15,0,28,4,1
1,131,8,0,64,6,3
4,214,7,0,64,6,2
20,117,9,0,64,6,3
815,9,3,1,64,6,3
817,1,14,0,64,6,2
822,51,12,0,64,6,2
830,9,4,0,64,6,3
832,6,2,0,64,6,2
839,214,10,0,64,6,2
840,117,18,0,64,6,4
842,213,17,0,64,6,3
844,6,1,0,64,6,3
846,1,5,0,64,6,4
847,131,6,0,64,6,2
848,3,16,0,48,6,3
849,3,19,0,63,6,4
852,213,11,0,63,6,4
854,210,15,0,24,6,2
855,51,20,0,63,6,2
1,131,7,0,51,73,2
4,214,10,0,51,73,1
20,117,9,0,51,73,1
815,9,2,0,51,73,2
817,1,12,0,51,73,1
822,51,15,0,50,73,1
825,210,16,0,31,73,1
830,9,3,1,51,73,2
839,214,13,0,51,73,1
840,117,19,0,46,73,1
842,213,6,0,51,73,1
844,6,1,0,21,73,1
846,1,11,0,51,73,1
847,131,5,0,51,73,2
848,3,17,0,50,73,2
849,3,18,0,50,73,2
852,213,8,0,50,73,2
854,210,20,0,50,73,2
855,51,14,0,23,73,1
1,131,4,0,70,7,2
4,214,2,0,70,7,2
20,117,16,0,70,7,2
817,1,9,0,70,7,2
822,51,11,0,70,7,1
825,210,5,0,70,7,1
830,9,1,1,70,7,2
832,6,3,0,70,7,2
839,214,7,0,70,7,2
840,117,17,0,70,7,1
842,213,15,0,70,7,2
844,6,19,0,70,7,1
846,1,14,0,70,7,2
847,131,8,0,70,7,2
848,3,12,0,70,7,2
849,3,18,0,70,7,2
852,213,20,0,47,7,2
855,51,10,0,70,7,2
1,131,5,0,52,9,3
4,214,7,0,52,9,3
20,117,18,0,52,9,3
815,9,4,0,52,9,3
817,1,14,0,52,9,4
822,51,12,0,20,9,1
825,210,17,0,52,9,2
830,9,2,0,52,9,4
832,6,1,1,52,9,3
839,214,15,0,37,9,2
840,117,20,0,52,9,3
842,213,11,0,26,9,2
844,6,3,0,52,9,2
846,1,6,0,52,9,3
849,3,10,0,52,9,3
852,213,13,0,52,9,3
854,210,19,0,52,9,3
1,131,8,0,71,70,2
4,214,19,0,70,70,3
20,117,18,0,70,70,2
815,9,5,0,24,70,1
817,1,11,0,70,70,2
822,51,0,0,70,70,2
825,210,7,0,70,70,2
830,9,1,0,71,70,3
832,6,3,0,56,70,2
839,214,6,0,71,70,2
840,117,12,0,70,70,2
842,213,14,0,70,70,2
844,6,2,1,71,70,3
846,1,10,0,70,70,2
847,131,4,0,71,70,2
848,3,15,0,70,70,2
849,3,17,0,48,70,2
852,213,16,0,70,70,2
854,210,9,0,70,70,2
855,51,13,0,70,70,2
1,131,4,0,53,34,1
4,214,7,0,53,34,1
20,117,12,0,53,34,1
815,9,3,0,53,34,1
817,1,9,0,53,34,1
822,51,11,0,53,34,2
825,210,20,0,37,34,2
830,9,2,1,53,34,1
832,6,19,0,53,34,2
839,214,10,0,53,34,1
840,117,15,0,53,34,1
842,213,14,0,53,34,1
846,1,5,0,53,34,1
847,131,6,0,53,34,1
848,3,13,0,53,34,1
849,3,18,0,40,34,2
852,213,8,0,17,34,1
854,210,17,0,53,34,2
855,51,16,0,47,34,2
1,131,7,0,70,11,2
4,214,6,0,69,11,1
20,117,18,0,69,11,2
815,9,11,0,70,11,2
817,1,9,0,69,11,2
822,51,8,0,65,11,1
825,210,13,0,69,11,3
830,9,10,1,70,11,2
832,6,2,0,70,11,2
839,214,5,0,69,11,1
840,117,14,0,69,11,2
842,213,0,0,69,11,2
844,6,3,0,70,11,3
846,1,4,0,70,11,2
847,131,1,0,70,11,2
848,3,17,0,69,11,3
849,3,19,0,69,11,3
852,213,16,0,68,11,3
854,210,15,0,69,11,2
855,51,12,0,69,11,2
4,214,3,0,44,13,2
20,117,10,0,44,13,2
815,9,2,0,44,13,2
817,1,7,0,44,13,2
825,210,12,0,43,13,2
830,9,14,1,44,13,2
832,6,1,0,44,13,2
839,214,16,0,44,13,2
840,117,9,0,44,13,2
842,213,0,0,44,13,2
844,6,15,0,44,13,3
846,1,17,0,44,13,2
847,131,5,0,44,13,2
848,3,6,0,44,13,2
849,3,11,0,43,13,3
852,213,0,0,44,13,2
854,210,19,0,43,13,2
855,51,18,0,44,13,2
1,131,4,0,72,39,3
4,214,13,0,72,39,3
20,117,19,0,72,39,4
815,9,5,0,72,39,4
817,1,17,0,72,39,5
822,51,16,0,53,39,2
825,210,18,0,72,39,4
830,9,1,1,72,39,4
832,6,3,0,72,39,3
839,214,12,0,72,39,3
840,117,10,0,72,39,4
842,213,11,0,72,39,4
844,6,2,0,72,39,4
846,1,7,0,72,39,3
847,131,6,0,72,39,3
848,3,15,0,72,39,4
849,3,20,0,71,39,4
852,213,9,0,43,39,3
854,210,8,0,72,39,4
855,51,14,0,72,39,4
1,131,19,0,53,14,1
815,9,13,0,53,14,2
817,1,4,0,45,14,1
822,51,15,0,52,14,1
825,210,16,0,52,14,2
830,9,7,1,53,14,2
832,6,18,0,53,14,2
839,214,14,0,53,14,1
840,117,12,0,39,14,1
842,213,5,0,53,14,1
844,6,1,0,53,14,3
846,1,3,0,53,14,2
847,131,2,0,53,14,2
849,3,10,0,52,14,2
852,213,20,0,52,14,2
854,210,17,0,53,14,1
855,51,9,0,53,14,1
856,3,8,0,53,14,1
1,131,3,0,59,15,1
20,117,13,0,59,15,1
815,9,2,1,59,15,1
817,1,16,0,59,15,1
822,51,15,0,59,15,1
825,210,9,0,59,15,2
830,9,8,0,59,15,2
832,6,4,0,59,15,1
840,117,11,0,59,15,1
842,213,7,0,59,15,1
844,6,1,0,59,15,1
846,1,6,0,59,15,1
847,131,0,0,57,15,4
852,213,10,0,34,15,1
854,210,12,0,58,15,2
1,131,6,0,28,22,2
4,214,7,0,28,22,3
20,117,9,0,28,22,2
815,9,4,0,28,22,2
817,1,11,0,28,22,2
822,51,12,0,28,22,2
825,210,18,0,28,22,2
830,9,1,1,28,22,2
839,214,5,0,28,22,2
840,117,19,0,28,22,3
842,213,17,0,28,22,4
844,6,2,0,28,22,2
846,1,10,0,28,22,2
847,131,8,0,28,22,2
849,3,20,0,28,22,2
852,213,13,0,28,22,3
854,210,15,0,28,22,2
855,51,14,0,28,22,3
1,131,3,0,56,69,2
4,214,14,0,56,69,2
20,117,10,0,56,69,2
815,9,9,0,56,69,2
817,1,15,0,56,69,2
822,51,7,0,16,69,1
825,210,13,0,56,69,1
830,9,2,1,56,69,2
839,214,0,0,56,69,2
840,117,5,0,21,69,1
842,213,11,0,56,69,2
844,6,12,0,56,69,2
846,1,6,0,56,69,2
847,131,4,0,56,69,3
848,3,8,0,56,69,2
849,3,17,0,56,69,2
852,213,19,0,56,69,2
854,210,16,0,56,69,2
855,51,18,0,56,69,2
1,131,3,0,71,32,1
4,214,9,0,63,32,1
20,117,16,0,70,32,1
815,9,4,0,71,32,1
817,1,11,0,70,32,1
822,51,6,0,70,32,1
825,210,19,0,70,32,1
830,9,1,1,71,32,1
832,6,5,0,71,32,1
839,214,10,0,70,32,1
840,117,20,0,70,32,2
842,213,14,0,70,32,1
844,6,7,0,71,32,1
846,1,8,0,70,32,1
847,131,2,0,71,32,2
848,3,17,0,70,32,1
849,3,18,0,69,32,2
852,213,13,0,50,32,1
854,210,15,0,70,32,1
855,51,12,0,70,32,1
1,131,2,0,71,18,2
4,214,17,0,71,18,3
20,117,9,0,71,18,2
815,9,4,0,71,18,2
822,51,14,0,71,18,2
830,9,3,0,71,18,3
832,6,7,0,71,18,3
839,214,16,0,71,18,2
840,117,15,0,71,18,2
842,213,10,0,71,18,3
844,6,5,0,71,18,3
846,1,6,0,50,18,2
847,131,1,1,71,18,2
848,3,19,0,71,18,3
849,3,18,0,71,18,3
852,213,0,0,70,18,3
854,210,12,0,71,18,2
855,51,13,0,71,18,2
1,131,5,0,55,24,1
4,214,10,0,27,24,1
20,117,9,0,58,24,1
815,9,2,0,58,24,2
817,1,13,0,58,24,1
822,51,18,0,57,24,1
825,210,16,0,57,24,1
830,9,1,1,58,24,1
832,6,4,0,58,24,2
839,214,8,0,58,24,2
840,117,14,0,58,24,2
842,213,17,0,57,24,1
844,6,3,0,58,24,1
846,1,7,0,58,24,2
847,131,6,0,58,24,2
848,3,19,0,57,24,2
849,3,20,0,55,24,2
852,213,11,0,58,24,2
854,210,12,0,57,24,2
855,51,15,0,57,24,2
1,131,7,0,57,3,2
4,117,5,0,57,3,2
807,210,10,0,56,3,3
815,9,2,0,57,3,2
822,51,12,0,57,3,2
825,210,17,0,56,3,3
830,9,1,1,57,3,2
832,6,4,0,57,3,2
839,214,9,0,41,3,3
840,117,8,0,57,3,2
842,214,20,0,57,3,3
844,6,3,0,39,3,2
846,1,11,0,55,3,6
847,131,6,0,57,3,2
848,3,15,0,57,3,3
852,213,14,0,57,3,3
855,51,13,0,56,3,3
856,213,19,0,56,3,2
858,3,16,0,56,3,3
1,131,7,0,50,77,1
4,117,2,0,50,77,1
807,210,10,0,50,77,1
815,9,1,1,50,77,1
822,51,14,0,49,77,3
825,210,13,0,50,77,1
830,9,15,0,50,77,1
832,6,4,0,50,77,1
839,214,6,0,50,77,1
840,117,5,0,16,77,1
842,214,9,0,50,77,1
844,6,12,0,50,77,1
846,1,19,0,50,77,2
847,131,3,0,50,77,1
848,3,17,0,27,77,1
852,213,16,0,50,77,1
855,51,11,0,50,77,2
856,213,18,0,50,77,1
857,1,8,0,50,77,1
858,3,20,0,50,77,1
1,131,3,0,58,1,3
4,117,4,0,58,1,3
807,210,10,0,58,1,3
815,9,0,0,58,1,5
822,51,0,0,58,1,6
825,210,14,0,52,1,2
830,9,1,1,58,1,3
832,6,5,0,58,1,4
839,214,11,0,56,1,3
840,117,6,0,58,1,3
842,214,9,0,56,1,2
846,1,13,0,58,1,3
847,131,2,0,17,1,2
852,213,12,0,58,1,4
855,51,17,0,58,1,5
856,213,15,0,56,1,4
857,1,16,0,58,1,4
858,3,18,0,56,1,6
1,131,5,0,51,73,1
4,117,6,0,51,73,1
807,210,0,0,50,73,1
815,9,3,1,51,73,1
822,51,13,0,50,73,3
825,210,16,0,51,73,1
830,9,2,0,51,73,1
832,6,4,0,51,73,1
839,214,0,0,51,73,1
840,117,9,0,51,73,1
842,214,17,0,51,73,2
844,6,1,0,51,73,1
846,1,7,0,51,73,1
847,131,11,0,51,73,2
848,3,12,0,51,73,1
852,213,8,0,51,73,1
855,51,15,0,36,73,1
857,1,10,0,51,73,1
858,3,14,0,51,73,1
1,131,13,0,57,79,1
4,117,2,0,57,79,1
807,210,12,0,57,79,1
815,9,1,0,57,79,1
822,51,10,0,57,79,1
825,210,4,0,57,79,1
830,9,9,1,57,79,1
832,6,3,0,57,79,1
839,214,8,0,57,79,1
840,117,18,0,57,79,1
842,214,5,0,57,79,1
844,6,7,0,57,79,1
846,1,16,0,57,79,1
847,131,6,0,57,79,1
848,3,11,0,57,79,1
852,213,17,0,57,79,1
855,51,14,0,57,79,1
856,213,15,0,57,79,1
857,1,19,0,56,79,1
858,3,20,0,56,79,1
1,131,5,0,78,6,2
4,117,2,0,78,6,2
807,210,18,0,76,6,3
815,9,20,0,76,6,5
822,51,15,0,77,6,1
825,210,17,0,70,6,1
830,9,1,1,78,6,1
832,6,4,0,78,6,2
839,214,3,0,78,6,2
840,117,14,0,53,6,1
842,214,7,0,78,6,2
844,6,6,0,78,6,2
846,1,10,0,77,6,2
847,131,8,0,78,6,1
848,3,13,0,77,6,2
852,213,9,0,76,6,1
855,51,19,0,77,6,2
856,213,12,0,77,6,1
857,1,11,0,77,6,1
858,3,16,0,76,6,3
1,131,4,0,66,4,2
4,117,8,0,66,4,2
807,210,7,0,65,4,3
815,9,11,0,66,4,2
822,51,16,0,65,4,2
825,210,17,0,65,4,3
830,9,1,1,66,4,2
832,6,2,0,66,4,2
839,214,6,0,66,4,2
840,117,5,0,66,4,2
842,214,10,0,66,4,2
844,6,19,0,66,4,2
846,1,3,0,65,4,3
847,131,12,0,66,4,2
848,3,18,0,65,4,2
852,213,15,0,66,4,2
855,51,13,0,66,4,2
856,213,14,0,65,4,2
857,1,9,0,65,4,2
858,3,20,0,65,4,2
1,131,3,0,70,7,2
4,117,2,0,70,7,2
807,210,5,0,69,7,2
815,9,12,0,70,7,2
822,51,14,0,70,7,1
825,210,13,0,69,7,2
830,9,1,1,70,7,2
832,6,11,0,70,7,1
839,214,6,0,70,7,2
840,117,16,0,70,7,2
842,214,15,0,70,7,2
844,6,10,0,70,7,1
846,1,7,0,70,7,2
847,131,4,0,53,7,1
848,3,9,0,70,7,1
852,213,19,0,70,7,2
855,51,20,0,69,7,2
856,213,17,0,69,7,2
857,1,8,0,70,7,2
1,131,5,0,71,70,3
4,117,7,0,71,70,3
807,210,8,0,12,70,2
815,9,15,0,71,70,3
822,51,14,0,70,70,3
825,210,0,0,70,70,3
830,9,1,1,71,70,4
832,6,3,0,71,70,3
839,214,12,0,70,70,3
840,117,6,0,71,70,4
842,214,9,0,71,70,3
844,6,2,0,71,70,3
846,1,4,0,71,70,3
847,131,11,0,71,70,3
848,3,10,0,71,70,3
852,213,16,0,70,70,4
855,51,17,0,70,70,3
856,213,0,0,70,70,3
857,1,13,0,70,70,4
858,3,18,0,70,70,3
1,131,7,0,52,9,1
4,117,9,0,52,9,1
807,210,11,0,52,9,2
815,9,15,0,52,9,1
822,51,20,0,52,9,1
830,9,1,1,52,9,1
832,6,5,0,52,9,1
840,117,12,0,52,9,1
842,214,10,0,46,9,1
844,6,4,0,52,9,2
846,1,2,0,52,9,1
847,131,6,0,52,9,1
848,3,8,0,52,9,1
852,213,16,0,52,9,2
855,51,17,0,52,9,3
856,213,18,0,52,9,2
857,1,3,0,52,9,1
858,3,14,0,52,9,1
1,131,1,0,70,11,2
4,117,8,0,70,11,2
807,210,10,0,69,11,2
815,9,9,0,70,11,2
817,213,13,0,69,11,2
822,51,7,0,69,11,2
825,210,19,0,69,11,2
830,9,2,1,70,11,2
832,6,11,0,70,11,2
840,117,14,0,69,11,2
844,6,6,0,70,11,2
846,1,3,0,70,11,2
847,131,18,0,70,11,2
848,3,16,0,69,11,2
852,213,17,0,69,11,2
855,51,5,0,69,11,2
857,1,4,0,70,11,2
858,3,20,0,67,11,2
1,131,3,0,44,13,3
4,117,9,0,44,13,2
807,210,0,0,44,13,2
815,9,2,0,44,13,2
817,213,19,0,44,13,2
822,51,13,0,44,13,2
825,210,16,0,44,13,2
830,9,6,1,44,13,2
832,6,4,0,23,13,1
839,214,14,0,44,13,2
840,117,10,0,44,13,1
842,214,12,0,44,13,1
844,6,1,0,44,13,2
846,1,7,0,44,13,2
847,131,8,0,44,13,1
848,3,15,0,44,13,3
852,213,11,0,44,13,2
855,51,17,0,44,13,2
858,3,18,0,44,13,3
1,131,13,0,72,39,5
4,117,5,0,72,39,5
807,210,14,0,72,39,5
815,9,7,0,72,39,6
822,51,18,0,72,39,5
825,210,0,0,72,39,6
830,9,1,1,72,39,6
832,6,6,0,72,39,5
839,214,16,0,72,39,6
840,117,11,0,72,39,7
842,214,12,0,72,39,5
844,6,9,0,41,39,2
846,1,2,0,72,39,6
847,131,3,0,72,39,7
848,3,4,0,72,39,4
852,213,17,0,72,39,5
855,51,15,0,62,39,4
857,1,8,0,72,39,5
859,213,19,0,72,39,7
1,131,8,0,51,14,1
4,117,10,0,51,14,1
807,210,13,0,50,14,2
815,9,5,0,51,14,1
822,51,14,0,51,14,1
825,210,19,0,50,14,2
830,9,2,1,51,14,1
832,6,1,0,51,14,1
839,214,18,0,39,14,1
840,117,20,0,51,14,1
842,214,17,0,51,14,2
844,6,3,0,51,14,1
846,1,9,0,51,14,1
847,131,4,0,51,14,1
848,3,6,0,51,14,1
855,51,16,0,51,14,2
857,1,7,0,51,14,2
858,3,15,0,51,14,1
859,213,12,0,51,14,2
1,131,5,0,62,15,2
4,117,7,0,62,15,2
807,210,9,0,62,15,1
815,9,13,0,62,15,1
822,51,16,0,51,15,1
825,210,6,0,62,15,2
830,9,11,0,62,15,1
832,6,1,1,62,15,1
839,214,8,0,42,15,1
842,214,12,0,62,15,1
844,6,3,0,62,15,1
846,1,4,0,62,15,1
847,131,2,0,61,15,2
848,3,14,0,62,15,2
855,51,0,0,62,15,2
857,1,17,0,62,15,1
858,3,18,0,62,15,2
859,213,10,0,62,15,1
1,131,7,0,53,22,2
4,117,10,0,53,22,2
807,210,18,0,52,22,3
815,9,5,0,15,22,4
822,51,16,0,7,22,2
825,210,15,0,52,22,2
830,9,1,1,53,22,2
832,6,6,0,53,22,2
839,214,14,0,53,22,2
840,117,17,0,20,22,1
842,214,12,0,53,22,2
844,6,4,0,53,22,2
846,1,3,0,53,22,2
847,131,8,0,53,22,1
848,3,13,0,26,22,2
852,213,9,0,52,22,2
855,51,19,0,52,22,3
857,1,2,0,53,22,2
858,3,0,0,22,22,3
859,213,11,0,52,22,2
4,117,4,0,57,78,3
807,210,14,0,56,78,3
815,9,0,0,57,78,3
822,51,9,0,57,78,3
825,210,18,0,56,78,3
830,9,1,1,57,78,3
839,214,8,0,57,78,3
840,117,16,0,57,78,3
842,214,7,0,57,78,3
844,6,5,0,57,78,3
846,1,10,0,57,78,3
847,131,2,0,57,78,4
848,3,13,0,57,78,3
852,213,11,0,56,78,3
855,51,19,0,57,78,3
857,1,6,0,57,78,3
858,3,15,0,40,78,2
859,213,17,0,56,78,3
1,131,3,0,56,69,2
4,117,0,0,49,69,2
807,210,0,0,56,69,2
815,9,9,0,56,69,2
817,213,14,0,55,69,2
822,51,13,0,56,69,2
825,210,0,0,55,69,2
830,9,6,1,56,69,2
832,6,4,0,56,69,2
840,117,0,0,56,69,2
842,214,7,0,56,69,2
844,6,1,0,56,69,1
846,1,2,0,56,69,2
847,131,5,0,56,69,2
848,3,15,0,56,69,2
852,213,11,0,56,69,3
855,51,12,0,55,69,2
858,3,16,0,56,69,2
1,131,6,0,71,32,2
4,117,13,0,47,32,2
807,210,12,0,71,32,2
817,213,4,0,71,32,2
822,51,9,0,71,32,2
825,210,16,0,31,32,1
830,9,3,1,71,32,3
832,6,2,0,71,32,2
839,214,15,0,71,32,1
840,117,0,0,66,32,2
842,214,11,0,71,32,2
844,6,1,0,71,32,2
846,1,17,0,71,32,3
847,131,8,0,71,32,2
848,3,14,0,71,32,2
852,213,18,0,71,32,2
855,51,10,0,71,32,2
857,1,7,0,71,32,2
858,3,19,0,70,32,2
1,131,5,0,71,18,4
4,117,4,0,71,18,4
807,210,11,0,70,18,4
815,9,9,0,71,18,4
817,213,17,0,70,18,4
822,51,18,0,39,18,3
830,9,1,1,71,18,4
832,6,7,0,71,18,4
839,214,14,0,70,18,5
840,117,3,0,71,18,4
842,214,15,0,71,18,4
846,1,6,0,71,18,4
847,131,8,0,57,18,4
852,213,16,0,71,18,4
855,51,20,0,22,18,3
857,1,10,0,69,18,4
858,3,19,0,70,18,4
1,131,10,0,50,80,2
4,117,9,0,50,80,2
807,210,13,0,45,80,2
815,9,11,0,50,80,2
817,213,14,0,50,80,1
822,51,7,0,50,80,2
825,210,8,0,50,80,2
830,9,2,1,50,80,2
832,6,12,0,50,80,2
839,214,16,0,50,80,1
840,117,19,0,50,80,2
842,214,4,0,50,80,1
844,6,1,0,50,80,1
847,131,3,0,50,80,2
848,3,5,0,50,80,1
852,213,20,0,46,80,2
855,51,17,0,50,80,1
857,1,18,0,50,80,2
858,3,6,0,50,80,1
1,131,11,0,58,24,2
4,117,7,0,58,24,2
807,210,8,0,58,24,2
815,9,9,0,58,24,2
817,213,15,0,58,24,2
822,51,18,0,57,24,1
825,210,17,0,57,24,2
830,9,1,1,58,24,2
832,6,16,0,57,24,2
839,214,12,0,58,24,1
840,117,13,0,58,24,2
842,214,10,0,58,24,2
844,6,2,0,58,24,2
846,1,5,0,58,24,2
847,131,4,0,58,24,2
848,3,14,0,58,24,2
852,213,6,0,58,24,1
855,51,19,0,58,24,2
857,1,3,0,58,24,2
858,3,20,0,58,24,2
1,131,9,0,57,3,2
4,117,6,0,57,3,2
807,210,10,0,56,3,3
815,9,5,0,57,3,2
817,215,14,0,56,3,2
822,15,16,0,56,3,2
825,210,15,0,56,3,2
830,9,1,1,57,3,2
832,6,4,0,57,3,2
839,214,19,0,56,3,2
840,117,12,0,57,3,2
842,214,20,0,56,3,3
844,6,2,0,57,3,2
846,1,7,0,57,3,2
847,131,3,0,57,3,2
848,3,13,0,56,3,2
852,215,11,0,56,3,2
855,15,17,0,56,3,2
857,1,8,0,57,3,2
858,3,18,0,55,3,3
1,131,8,0,50,77,1
4,117,4,0,50,77,1
807,210,15,0,50,77,1
815,9,3,0,50,77,1
817,215,14,0,49,77,1
822,15,16,0,49,77,2
825,210,13,0,50,77,1
830,9,1,1,50,77,1
839,214,17,0,49,77,1
844,6,2,0,50,77,1
846,1,6,0,50,77,1
847,131,7,0,50,77,1
848,3,12,0,50,77,1
852,215,9,0,49,77,1
855,15,20,0,49,77,1
857,1,5,0,50,77,1
858,3,19,0,49,77,1
860,6,11,0,50,77,1
1,131,11,0,15,1,1
4,117,10,0,58,1,2
807,210,16,0,58,1,2
815,9,6,0,58,1,2
817,215,18,0,57,1,2
822,15,13,0,57,1,2
825,210,14,0,57,1,2
832,6,2,1,58,1,2
839,214,15,0,57,1,3
840,117,9,0,58,1,2
842,214,17,0,57,1,2
844,6,4,0,58,1,2
846,1,3,0,58,1,2
847,131,7,0,56,1,2
848,3,12,0,57,1,2
852,215,8,0,58,1,2
855,15,19,0,57,1,2
857,1,5,0,58,1,2
1,131,7,0,53,22,3
4,117,5,0,53,22,3
807,210,12,0,52,22,3
815,9,2,0,53,22,3
822,15,13,0,52,22,3
825,210,18,0,52,22,2
830,9,1,1,53,22,3
832,6,4,0,53,22,3
839,214,15,0,52,22,3
840,117,16,0,52,22,4
842,214,17,0,52,22,3
844,6,8,0,53,22,2
846,1,3,0,53,22,3
847,131,9,0,53,22,3
852,215,10,0,52,22,3
855,15,20,0,12,22,3
857,1,6,0,53,22,3
858,3,19,0,52,22,4
1,131,18,0,56,17,2
4,117,3,0,56,17,3
807,210,9,0,56,17,2
815,9,2,0,56,17,2
817,215,12,0,33,17,1
822,15,10,0,19,17,1
825,210,17,0,56,17,2
830,9,1,1,56,17,2
832,6,7,0,56,17,1
839,214,13,0,56,17,2
840,117,11,0,56,17,4
842,214,15,0,56,17,3
844,6,6,0,56,17,1
846,1,4,0,56,17,1
847,131,8,0,56,17,2
848,3,14,0,56,17,2
852,215,19,0,26,17,2
855,15,16,0,56,17,3
857,1,5,0,56,17,2
858,3,20,0,56,17,2
1,131,8,0,57,79,1
4,117,15,0,57,79,1
807,210,9,0,57,79,2
815,9,4,0,57,79,2
817,215,20,0,57,79,1
822,15,16,0,57,79,2
825,210,18,0,57,79,3
830,9,1,0,57,79,1
832,6,3,0,57,79,1
839,214,13,0,57,79,1
840,117,11,0,57,79,2
842,214,12,0,57,79,1
844,6,2,0,57,79,1
846,1,5,1,57,79,1
847,131,7,0,57,79,1
848,3,14,0,57,79,2
852,215,10,0,57,79,1
855,15,19,0,57,79,1
857,1,6,0,57,79,2
858,3,17,0,27,79,1
1,131,8,0,63,21,1
4,117,20,0,62,21,3
807,210,10,0,62,21,1
815,9,11,0,63,21,1
817,215,9,0,62,21,1
822,15,16,0,62,21,1
825,210,18,0,62,21,1
830,9,1,1,63,21,1
832,6,4,0,63,21,1
839,214,12,0,62,21,1
840,117,13,0,63,21,1
842,214,15,0,62,21,2
844,6,3,0,63,21,1
846,1,2,0,63,21,1
847,131,6,0,63,21,2
848,3,14,0,51,21,4
852,215,7,0,62,21,1
855,15,17,0,62,21,1
857,1,5,0,63,21,1
858,3,19,0,62,21,1
1,131,7,0,78,6,51
4,117,14,0,76,6,1
817,215,12,0,76,6,1
822,15,17,0,76,6,15
830,9,6,0,78,6,52
832,6,3,0,78,6,1
840,117,13,0,76,6,48
842,214,10,0,77,6,1
844,6,1,1,78,6,1
846,1,4,0,78,6,1
847,131,5,0,78,6,1
848,3,9,0,77,6,1
852,215,8,0,77,6,1
855,15,18,0,76,6,70
857,1,2,0,78,6,1
858,3,15,0,76,6,57
1,131,7,0,70,7,3
4,117,6,0,70,7,2
807,210,17,0,70,7,3
815,9,16,0,51,7,2
817,215,5,0,70,7,2
822,15,0,0,70,7,1
825,210,14,0,70,7,4
830,9,2,1,70,7,2
832,6,12,0,52,7,2
839,214,18,0,70,7,1
840,117,9,0,70,7,2
842,214,15,0,70,7,2
844,6,11,0,40,7,3
846,1,3,0,70,7,2
847,131,1,0,70,7,3
848,3,10,0,52,7,2
852,215,8,0,70,7,1
855,15,0,0,69,7,3
857,1,4,0,70,7,2
1,131,3,0,66,4,2
4,117,10,0,65,4,2
807,210,13,0,66,4,2
815,9,11,0,66,4,3
817,215,18,0,65,4,2
822,15,12,0,65,4,2
825,210,16,0,65,4,2
830,9,2,1,66,4,2
832,6,6,0,66,4,2
839,214,8,0,66,4,2
840,117,14,0,65,4,2
842,214,7,0,66,4,2
844,6,5,0,66,4,2
846,1,1,0,66,4,2
847,131,4,0,66,4,2
848,3,0,0,65,4,2
852,215,17,0,65,4,3
855,15,15,0,65,4,2
857,1,9,0,66,4,2
858,3,19,0,64,4,2
1,131,5,0,71,70,2
4,117,15,0,70,70,3
807,210,9,0,71,70,2
815,9,8,0,71,70,2
817,215,11,0,71,70,2
822,15,18,0,70,70,2
825,210,12,0,71,70,2
830,9,1,0,71,70,3
832,6,4,0,71,70,2
839,214,10,0,71,70,2
840,117,17,0,70,70,2
842,214,13,0,71,70,2
844,6,6,0,71,70,4
846,1,2,0,64,70,2
847,131,3,1,71,70,2
848,3,16,0,70,70,2
852,215,14,0,70,70,2
855,15,20,0,70,70,2
857,1,7,0,71,70,2
858,3,19,0,69,70,3
1,131,2,1,52,9,2
4,117,10,0,52,9,2
807,210,6,0,52,9,2
815,9,0,0,50,9,4
817,215,15,0,51,9,2
822,15,16,0,51,9,2
825,210,17,0,52,9,2
830,9,4,0,52,9,2
832,6,7,0,52,9,3
839,214,18,0,50,9,4
840,117,8,0,52,9,2
844,6,11,0,51,9,3
846,1,3,0,52,9,2
847,131,1,0,33,9,1
848,3,9,0,52,9,2
852,215,13,0,52,9,2
855,15,14,0,50,9,4
857,1,5,0,52,9,2
858,3,12,0,52,9,2
